time (Julian Date),wavelength (nm),irradiance (W/m^2/nm),uncertainty (W/m^2/nm),quality (Bit Flag)
2457752,0.5,5.60E-07,0.031931002,0
2457752,1.5,1.62E-05,0.031931002,0
2457752,2.5,1.60E-05,0.031931002,0
2457752,3.5,1.44E-05,0.031931002,0
2457752,4.5,1.79E-05,0.031931002,0
2457752,5.5,2.62E-05,0.031931002,0
2457752,6.5,4.42E-05,0.031931002,0
2457752,7.5,3.59E-05,0.031931002,0
2457752,8.5,3.44E-05,0.031931002,0
2457752,9.5,2.92E-05,0.031931002,0
2457752,10.5,2.18E-05,0.031931002,0
2457752,11.5,1.50E-05,0.031931002,0
2457752,12.5,7.67E-06,0.031931002,0
2457752,13.5,8.17E-06,0.031931002,0
2457752,14.5,1.73E-05,0.031931002,0
2457752,15.5,1.49E-05,0.031931002,0
2457752,16.5,2.36E-05,0.031931002,0
2457752,17.5,1.55E-04,0.031931002,0
2457752,18.5,1.22E-04,0.031931002,0
2457752,19.5,8.84E-05,0.031931002,0
2457752,20.5,5.74E-05,0.031931002,0
2457752,21.5,4.08E-05,0.031931002,0
2457752,22.5,5.85E-05,0.031931002,0
2457752,23.5,3.46E-05,0.031931002,0
2457752,24.5,4.16E-05,0.031931002,0
2457752,25.5,7.01E-05,0.031931002,0
2457752,26.5,1.83E-05,0.031931002,0
2457752,27.5,2.66E-05,0.031931002,0
2457752,28.5,2.46E-05,0.031931002,0
2457752,29.5,1.56E-05,0.031931002,0
2457752,30.5,4.53E-04,0.031931002,0
2457752,31.5,3.14E-05,0.031931002,0
2457752,32.5,9.88E-06,0.031931002,0
2457752,33.5,2.08E-05,0.031931002,0
2457752,34.5,3.40E-05,0.031931002,0
2457752,35.5,2.45E-05,0.031931002,0
2457752,36.5,5.12E-05,0.031931002,0
2457752,37.5,2.50E-06,0.031931002,0
2457752,38.5,3.32E-06,0.031931002,0
2457752,39.5,2.06E-06,0.031931002,0
2457752,115.5,1.82E-05,6.14E-07,0
2457752,116.5,2.36E-05,7.75E-07,0
2457752,117.5,7.89E-05,2.46E-06,0
2457752,118.5,3.15E-05,9.94E-07,0
2457752,119.5,5.11E-05,1.58E-06,0
2457752,120.5,1.47E-04,5.22E-06,0
2457752,121.5,0.006373374,2.08E-04,0
2457752,122.5,6.38E-05,2.35E-06,0
2457752,123.5,4.10E-05,1.25E-06,0
2457752,124.5,2.98E-05,9.07E-07,0
2457752,125.5,2.69E-05,8.05E-07,0
2457752,126.5,3.54E-05,1.07E-06,0
2457752,127.5,1.93E-05,5.89E-07,0
2457752,128.5,1.58E-05,4.81E-07,0
2457752,129.5,1.81E-05,5.53E-07,0
2457752,130.5,1.56E-04,4.70E-06,0
2457752,131.5,2.52E-05,7.54E-07,0
2457752,132.5,2.03E-05,6.10E-07,0
2457752,133.5,1.83E-04,5.70E-06,0
2457752,134.5,1.84E-05,5.52E-07,0
2457752,135.5,4.21E-05,1.23E-06,0
2457752,136.5,2.62E-05,7.77E-07,0
2457752,137.5,2.86E-05,8.50E-07,0
2457752,138.5,2.82E-05,8.40E-07,0
2457752,139.5,7.22E-05,2.17E-06,0
2457752,140.5,6.25E-05,1.83E-06,0
2457752,141.5,3.86E-05,1.15E-06,0
2457752,142.5,4.26E-05,1.26E-06,0
2457752,143.5,4.79E-05,1.42E-06,0
2457752,144.5,4.63E-05,1.37E-06,0
2457752,145.5,5.03E-05,1.49E-06,0
2457752,146.5,6.22E-05,1.84E-06,0
2457752,147.5,7.71E-05,2.29E-06,0
2457752,148.5,7.98E-05,2.35E-06,0
2457752,149.5,7.21E-05,2.14E-06,0
2457752,150.5,8.07E-05,2.40E-06,0
2457752,151.5,8.78E-05,2.61E-06,0
2457752,152.5,1.09E-04,3.27E-06,0
2457752,153.5,1.22E-04,3.63E-06,0
2457752,154.5,2.05E-04,6.16E-06,0
2457752,155.5,1.84E-04,5.47E-06,0
2457752,156.5,1.83E-04,5.52E-06,0
2457752,157.5,1.62E-04,4.86E-06,0
2457752,158.5,1.58E-04,4.78E-06,0
2457752,159.5,1.58E-04,4.79E-06,0
2457752,160.5,1.78E-04,5.40E-06,0
2457752,161.5,2.10E-04,6.41E-06,0
2457752,162.5,2.42E-04,7.40E-06,0
2457752,163.5,2.55E-04,7.82E-06,0
2457752,164.5,2.96E-04,9.24E-06,0
2457752,165.5,4.73E-04,1.48E-05,0
2457752,166.5,3.24E-04,1.02E-05,0
2457752,167.5,3.82E-04,1.21E-05,0
2457752,168.5,4.19E-04,1.33E-05,0
2457752,169.5,5.49E-04,1.74E-05,0
2457752,170.5,6.34E-04,2.03E-05,0
2457752,171.5,6.32E-04,2.03E-05,0
2457752,172.5,6.93E-04,2.25E-05,0
2457752,173.5,7.00E-04,2.28E-05,0
2457752,174.5,8.53E-04,2.76E-05,0
2457752,175.5,0.001037708,3.37E-05,0
2457752,176.5,0.001119536,3.65E-05,0
2457752,177.5,0.001351186,4.43E-05,0
2457752,178.5,0.001507641,4.96E-05,0
2457752,179.5,0.001490827,4.91E-05,0
2457752,180.5,0.001937919,2.89E-05,0
2457752,181.5,0.002274706,3.50E-05,0
2457752,182.5,0.00222341,3.64E-05,0
2457752,183.5,0.002400427,4.09E-05,0
2457752,184.5,0.00208014,3.61E-05,0
2457752,185.5,0.002361645,4.23E-05,0
2457752,186.5,0.002738564,5.02E-05,0
2457752,187.5,0.003082095,5.93E-05,0
2457752,188.5,0.00330056,6.62E-05,0
2457752,189.5,0.003594498,7.64E-05,0
2457752,190.5,0.003832071,8.11E-05,0
2457752,191.5,0.004122447,8.83E-05,0
2457752,192.5,0.004397935,9.28E-05,0
2457752,193.5,0.003415093,7.31E-05,0
2457752,194.5,0.005589825,1.26E-04,0
2457752,195.5,0.005432119,1.29E-04,0
2457752,196.5,0.006154422,1.51E-04,0
2457752,197.5,0.006307038,1.57E-04,0
2457752,198.5,0.006371918,1.55E-04,0
2457752,199.5,0.006896041,1.69E-04,0
2457752,200.5,0.007484406,1.82E-04,0
2457752,201.5,0.008347365,2.05E-04,0
2457752,202.5,0.00828272,1.99E-04,0
2457752,203.5,0.009603567,2.25E-04,0
2457752,204.5,0.01060392,2.35E-04,0
2457752,205.5,0.01088708,2.25E-04,0
2457752,206.5,0.01128693,2.19E-04,0
2457752,207.5,0.01297972,2.31E-04,0
2457752,208.5,0.01488537,2.40E-04,0
2457752,209.5,0.02159485,3.18E-04,0
2457752,210.5,0.02806446,3.69E-04,0
2457752,211.5,0.03423127,4.08E-04,0
2457752,212.5,0.03260097,3.52E-04,0
2457752,213.5,0.02942139,2.93E-04,0
2457752,214.5,0.04197223,3.97E-04,0
2457752,215.5,0.03414231,3.13E-04,0
2457752,216.5,0.03296493,3.10E-04,0
2457752,217.5,0.03205853,3.16E-04,0
2457752,218.5,0.04507496,4.73E-04,0
2457752,219.5,0.04758375,5.33E-04,0
2457752,220.5,0.04675629,5.62E-04,0
2457752,221.5,0.033378,4.42E-04,0
2457752,222.5,0.0490141,6.84E-04,0
2457752,223.5,0.06234614,9.13E-04,0
2457752,224.5,0.05706302,9.05E-04,0
2457752,225.5,0.05034446,8.28E-04,0
2457752,226.5,0.03526993,5.93E-04,0
2457752,227.5,0.03586833,6.06E-04,0
2457752,228.5,0.05133448,8.43E-04,0
2457752,229.5,0.04353593,7.09E-04,0
2457752,230.5,0.05314197,8.60E-04,0
2457752,231.5,0.045791,7.45E-04,0
2457752,232.5,0.04955646,7.98E-04,0
2457752,233.5,0.04139096,6.89E-04,0
2457752,234.5,0.03374107,5.84E-04,0
2457752,235.5,0.05406947,9.60E-04,0
2457752,236.5,0.041723,7.66E-04,0
2457752,237.5,0.05049997,9.27E-04,0
2457752,238.5,0.03478887,6.82E-04,0
2457752,239.5,0.04319864,8.65E-04,0
2457752,240.5,0.03989912,8.26E-04,0
2457752,241.5,0.04658736,9.80E-04,0
2457752,242.5,0.07003921,0.0014454,0
2457752,243.5,0.06404124,0.0012717,0
2457752,244.5,0.06117365,0.0011674,0
2457752,245.5,0.04812873,8.80E-04,0
2457752,246.5,0.04807875,8.51E-04,0
2457752,247.5,0.05528534,9.64E-04,0
2457752,248.5,0.04248742,7.36E-04,0
2457752,249.5,0.05429784,9.87E-04,0
2457752,250.5,0.05694524,0.0010713,0
2457752,251.5,0.04383951,8.35E-04,0
2457752,252.5,0.03871958,7.48E-04,0
2457752,253.5,0.04963803,9.59E-04,0
2457752,254.5,0.05510512,0.0010737,0
2457752,255.5,0.07846377,0.0015285,0
2457752,256.5,0.09450539,0.0018921,0
2457752,257.5,0.1176393,0.0023144,0
2457752,258.5,0.125267,0.0024638,0
2457752,259.5,0.1042561,0.0020332,0
2457752,260.5,0.08430903,0.0015874,0
2457752,261.5,0.0819857,0.0014536,0
2457752,262.5,0.1040887,0.0018079,0
2457752,263.5,0.153711,0.0026603,0
2457752,264.5,0.2411382,0.0041401,0
2457752,265.5,0.251978,0.0043951,0
2457752,266.5,0.2462212,0.0043509,0
2457752,267.5,0.2465407,0.0043512,0
2457752,268.5,0.2463674,0.0043654,0
2457752,269.5,0.2192947,0.0038698,0
2457752,270.5,0.2775159,0.0048464,0
2457752,271.5,0.2322161,0.0039311,0
2457752,272.5,0.1829541,0.0031513,0
2457752,273.5,0.210139,0.0037304,0
2457752,274.5,0.1227528,0.0023191,0
2457752,275.5,0.1763577,0.0035492,0
2457752,276.5,0.245751,0.0052536,0
2457752,277.5,0.243976,0.0054271,0
2457752,278.5,0.1601603,0.0037502,0
2457752,279.5,0.07521339,0.0017159,0
2457752,280.5,0.08711463,0.0018824,0
2457752,281.5,0.2081132,0.0044759,0
2457752,282.5,0.292456,0.0061793,0
2457752,283.5,0.3263576,0.0070581,0
2457752,284.5,0.2511661,0.0057102,0
2457752,285.5,0.1259057,0.0026014,0
2457752,286.5,0.3413426,0.007796,0
2457752,287.5,0.3744685,0.0083276,0
2457752,288.5,0.3080164,0.0063921,0
2457752,289.5,0.4591638,0.0091541,0
2457752,290.5,0.6123529,0.012612,0
2457752,291.5,0.5712383,0.011994,0
2457752,292.5,0.5004758,0.010962,0
2457752,293.5,0.5647895,0.011918,0
2457752,294.5,0.5099645,0.010118,0
2457752,295.5,0.569158,0.010155,0
2457752,296.5,0.5109052,0.0092818,0
2457752,297.5,0.5443809,0.010287,0
2457752,298.5,0.4029711,0.0082463,0
2457752,299.5,0.5661449,0.012295,0
2457752,300.5,0.3711618,0.0080464,0
2457752,301.5,0.5068704,0.011735,0
2457752,302.5,0.4944246,0.011923,0
2457752,303.5,0.648987,0.016993999,0
2457752,304.5,0.6119133,0.016519001,0
2457752,305.5,0.6429366,0.020427,0
2457752,306.5,0.572476,0.019688999,0
2457752,307.5,0.6628874,0.024468999,0
2457752,308.5,0.6670178,0.026774,0
2457752,309.5,0.5023339,0.020776,0
2457752,310.25,0.5582702,0.0015326,4096
2457752,310.48,0.6067803,0.001555,4096
2457752,310.71,0.6491255,0.0015773,4096
2457752,310.95,0.6764589,0.0016004,4096
2457752,311.18,0.6919331,0.0016223,4096
2457752,311.42,0.6995596,0.0016451,4096
2457752,311.65,0.6847025,0.0016783,4096
2457752,311.89,0.6663928,0.0017004,4096
2457752,312.12,0.651214,0.0017215,4096
2457752,312.36,0.6428809,0.0017433,4096
2457752,312.6,0.640474,0.001765,4096
2457752,312.84,0.6471114,0.0017865,4096
2457752,313.08,0.6592173,0.0018079,4096
2457752,313.32,0.6653747,0.001829,4096
2457752,313.56,0.6690719,0.00185,4096
2457752,313.8,0.6692496,0.0018709,4096
2457752,314.04,0.6668021,0.0018916,4096
2457752,314.28,0.6590102,0.0019121,4096
2457752,314.53,0.6507023,0.0019333,4096
2457752,314.77,0.6416685,0.0019535,4096
2457752,315.02,0.6307611,0.0019743,4096
2457752,315.26,0.6181687,0.0019942,4096
2457752,315.51,0.6051583,0.0020147,4096
2457752,315.75,0.594238,0.0020342,4096
2457752,316,0.5940963,0.0020544,4096
2457752,316.25,0.6124859,0.0020743,4096
2457752,316.5,0.6387729,0.0020941,4096
2457752,316.75,0.6605386,0.0021138,4096
2457752,317,0.6921147,0.0021332,4096
2457752,317.25,0.7085868,0.0021525,4096
2457752,317.5,0.7117287,0.0021716,4096
2457752,317.75,0.7027255,0.0021905,4096
2457752,318.01,0.6826198,0.00221,4096
2457752,318.26,0.6665899,0.0022285,4096
2457752,318.51,0.6563756,0.0022469,4096
2457752,318.77,0.656908,0.0022658,4096
2457752,319.02,0.663028,0.0022838,4096
2457752,319.28,0.6766427,0.0023024,4096
2457752,319.54,0.7038617,0.0023207,4096
2457752,319.8,0.7245377,0.0023389,4096
2457752,320.06,0.7378203,0.0023568,4096
2457752,320.32,0.7376621,0.0023736,4096
2457752,320.58,0.7407449,0.0021624,4096
2457752,320.84,0.7307008,0.0021808,4096
2457752,321.1,0.7184524,0.0021994,4096
2457752,321.36,0.7028296,0.0022174,4096
2457752,321.62,0.6918244,0.0022352,4096
2457752,321.89,0.6807294,0.0022534,4096
2457752,322.15,0.671381,0.0022708,4096
2457752,322.42,0.6624208,0.0022887,4096
2457752,322.69,0.656811,0.0023064,4096
2457752,322.95,0.6537881,0.0023231,4096
2457752,323.22,0.6570357,0.0023404,4096
2457752,323.49,0.6635605,0.0023574,4096
2457752,323.76,0.6810102,0.0023742,4096
2457752,324.03,0.6986672,0.0023908,4096
2457752,324.3,0.7270294,0.0024072,4096
2457752,324.57,0.7528388,0.0024233,4096
2457752,324.85,0.7826371,0.0024637,4096
2457752,325.12,0.813331,0.002479,4096
2457752,325.39,0.8482847,0.002494,4096
2457752,325.67,0.8856988,0.0025843,4096
2457752,325.94,0.908931,0.0025981,4096
2457752,326.22,0.9310422,0.0026123,4096
2457752,326.5,0.9429814,0.0026263,4096
2457752,326.78,0.9515727,0.00264,4096
2457752,327.06,0.9480307,0.0026536,4096
2457752,327.34,0.938217,0.0026669,4096
2457752,327.62,0.9270507,0.00268,4096
2457752,327.9,0.9222199,0.0028045,4096
2457752,328.18,0.9229088,0.002817,4096
2457752,328.47,0.93154,0.0028296,4096
2457752,328.75,0.9480171,0.0028416,4096
2457752,329.04,0.9772848,0.0028539,4096
2457752,329.32,0.9973942,0.0028654,4096
2457752,329.61,1.011055,0.0028675,4096
2457752,329.9,1.017435,0.0028792,4096
2457752,330.19,1.01377,0.0028906,4096
2457752,330.48,0.9983239,0.0027161,4096
2457752,330.77,0.9838954,0.0027271,4096
2457752,331.06,0.9672022,0.0027378,4096
2457752,331.35,0.9570743,0.0027484,4096
2457752,331.64,0.9480875,0.0027587,4096
2457752,331.94,0.9451891,0.0027692,4096
2457752,332.23,0.9377896,0.002779,4096
2457752,332.53,0.9327166,0.002789,4096
2457752,332.83,0.9259399,0.0027988,4096
2457752,333.12,0.922993,0.002808,4096
2457752,333.42,0.9209861,0.0028172,4096
2457752,333.72,0.9192862,0.0028263,4096
2457752,334.02,0.9285394,0.0028351,4096
2457752,334.32,0.9402238,0.0028437,4096
2457752,334.63,0.9412819,0.0028523,4096
2457752,334.93,0.9352826,0.0028604,4096
2457752,335.23,0.9282016,0.0028683,4096
2457752,335.54,0.9129187,0.0028761,4096
2457752,335.85,0.8815354,0.0028837,4096
2457752,336.15,0.8557048,0.0028909,4096
2457752,336.46,0.8424591,0.002898,4096
2457752,336.77,0.8350056,0.0029049,4096
2457752,337.08,0.8326851,0.0029115,4096
2457752,337.39,0.8436149,0.0029179,4096
2457752,337.71,0.8644634,0.0029242,4096
2457752,338.02,0.8836061,0.0029301,4096
2457752,338.33,0.9016231,0.0029357,4096
2457752,338.65,0.9266261,0.0029412,4096
2457752,338.96,0.9447363,0.0029463,4096
2457752,339.28,0.9597088,0.0029513,4096
2457752,339.6,0.9733935,0.002956,4096
2457752,339.92,0.9820475,0.0029605,4096
2457752,340.24,0.9865231,0.0029647,4096
2457752,340.56,0.9823609,0.0029686,4096
2457752,340.88,0.9736826,0.0029722,4096
2457752,341.21,0.9694924,0.0029757,4096
2457752,341.53,0.9663517,0.0029788,4096
2457752,341.86,0.9721003,0.0029817,4096
2457752,342.18,0.9770711,0.0029843,4096
2457752,342.51,0.9778007,0.0029867,4096
2457752,342.84,0.969266,0.0031163,4096
2457752,343.17,0.9517356,0.0031175,4096
2457752,343.5,0.9283488,0.0031183,4096
2457752,343.83,0.9030022,0.0029279,4096
2457752,344.17,0.8812146,0.0029286,4096
2457752,344.5,0.8755761,0.002929,4096
2457752,344.84,0.8788974,0.0029291,4096
2457752,345.17,0.8942775,0.002929,4096
2457752,345.51,0.9100541,0.0029286,4096
2457752,345.85,0.9205722,0.0029279,4096
2457752,346.19,0.9289447,0.0029269,4096
2457752,346.53,0.9321612,0.0029257,4096
2457752,346.88,0.932256,0.0029241,4096
2457752,347.22,0.9285529,0.0029223,4096
2457752,347.56,0.9219151,0.0029202,4096
2457752,347.91,0.9140496,0.0029178,4096
2457752,348.26,0.9123347,0.0029151,4096
2457752,348.6,0.9160272,0.0029121,4096
2457752,348.95,0.9255325,0.0029088,4096
2457752,349.3,0.9381326,0.0029052,4096
2457752,349.66,0.9562022,0.0029012,4096
2457752,350.01,0.9774368,0.002897,4096
2457752,350.36,0.9992062,0.0028926,4096
2457752,350.72,1.007426,0.0028876,4096
2457752,351.08,1.002268,0.0028824,4096
2457752,351.43,0.9958757,0.002877,4096
2457752,351.79,0.9871893,0.0028712,4096
2457752,352.15,0.9798423,0.002865,4096
2457752,352.52,0.9788813,0.003011,4096
2457752,352.88,0.9948012,0.0030026,4096
2457752,353.24,1.022731,0.0029877,4096
2457752,353.61,1.050718,0.0029781,4096
2457752,353.98,1.070187,0.0029682,4096
2457752,354.34,1.090204,0.0030584,4096
2457752,354.71,1.095824,0.0030471,4096
2457752,355.08,1.083079,0.0029366,4096
2457752,355.46,1.052547,0.0029249,4096
2457752,355.83,1.020563,0.0029132,4096
2457752,356.2,0.9828916,0.0029011,4096
2457752,356.58,0.9340003,0.0029844,4096
2457752,356.96,0.8843343,0.0029718,4096
2457752,357.34,0.8498258,0.0029593,4096
2457752,357.72,0.8304423,0.0029472,4096
2457752,358.1,0.8256536,0.0029355,4096
2457752,358.48,0.8396631,0.0029241,4096
2457752,358.86,0.8700387,0.0029132,4096
2457752,359.25,0.9131605,0.0029023,4096
2457752,359.64,0.9492772,0.0028919,4096
2457752,360.03,0.9675194,0.0028781,4096
2457752,360.42,0.9720156,0.0028689,4096
2457752,360.81,0.9721877,0.0028601,4096
2457752,361.2,0.9716327,0.0028517,4096
2457752,361.59,0.9650938,0.0028437,4096
2457752,361.99,0.9665222,0.0028359,4096
2457752,362.39,0.9832766,0.0028285,4096
2457752,362.79,1.001973,0.0028216,4096
2457752,363.19,1.013143,0.0028151,4096
2457752,363.59,1.02411,0.002809,4096
2457752,363.99,1.047689,0.0028034,4096
2457752,364.39,1.072166,0.0027981,4096
2457752,364.8,1.096727,0.0027932,4096
2457752,365.21,1.126689,0.0027888,4096
2457752,365.62,1.166662,0.0027848,4096
2457752,366.03,1.193571,0.0027812,4096
2457752,366.44,1.206254,0.0027781,4096
2457752,366.85,1.209382,0.0027754,4096
2457752,367.27,1.208588,0.0027731,4096
2457752,367.69,1.201948,0.0027742,4096
2457752,368.1,1.197121,0.0027728,4096
2457752,368.52,1.194208,0.002772,4096
2457752,368.95,1.1956,0.0027715,4096
2457752,369.37,1.206724,0.0027716,4096
2457752,369.79,1.214387,0.0027721,4096
2457752,370.22,1.207785,0.0027731,4096
2457752,370.65,1.196543,0.0027747,4096
2457752,371.08,1.184238,0.0027767,4096
2457752,371.51,1.159885,0.0027792,4096
2457752,371.94,1.121879,0.0027822,4096
2457752,372.38,1.081925,0.0027858,4096
2457752,372.81,1.045655,0.0027898,4096
2457752,373.25,1.014002,0.0027944,4096
2457752,373.69,0.9894983,0.0027995,4096
2457752,374.13,0.9832289,0.0028052,4096
2457752,374.58,0.9866681,0.0028115,4096
2457752,375.02,1.004663,0.0028182,4096
2457752,375.47,1.039521,0.0028256,4096
2457752,375.92,1.088782,0.0028335,4096
2457752,376.37,1.137344,0.002842,4096
2457752,376.82,1.181675,0.002851,4096
2457752,377.28,1.221403,0.0028607,4096
2457752,377.73,1.246591,0.0028924,4096
2457752,378.19,1.253826,0.0029032,4096
2457752,378.65,1.250584,0.0029146,4096
2457752,379.11,1.237539,0.0029265,4096
2457752,379.57,1.210682,0.0029391,4096
2457752,380.04,1.182274,0.0029524,4096
2457752,380.51,1.148346,0.0029664,4096
2457752,380.98,1.100384,0.002981,4096
2457752,381.45,1.038504,0.0029962,4096
2457752,381.92,0.9752019,0.0030119,4096
2457752,382.39,0.9219442,0.0030283,4096
2457752,382.87,0.8840917,0.0030456,4096
2457752,383.35,0.8628067,0.0030636,4096
2457752,383.83,0.8660244,0.0030822,4096
2457752,384.31,0.8965663,0.0031014,4096
2457752,384.8,0.9366746,0.0031216,4096
2457752,385.28,0.9665974,0.003142,4096
2457752,385.77,0.9892278,0.0031636,4096
2457752,386.26,1.002946,0.0031857,4096
2457752,386.76,1.01138,0.003209,4096
2457752,387.25,1.018359,0.0032325,4096
2457752,387.75,1.030328,0.0032566,4096
2457752,388.25,1.05224,0.0032798,4096
2457752,388.75,1.087818,0.003435,4096
2457752,389.25,1.131667,0.003456,4096
2457752,389.76,1.177489,0.0034766,4096
2457752,390.26,1.203705,0.0034959,4096
2457752,390.77,1.198677,0.0035147,4096
2457752,391.29,1.167707,0.0035329,4096
2457752,391.8,1.113443,0.0035498,4096
2457752,392.32,1.047649,0.0035662,4096
2457752,392.84,0.9922929,0.0035816,4096
2457752,393.36,0.9643022,0.003596,4096
2457752,393.88,0.9622142,0.0036095,4096
2457752,394.4,0.9747324,0.003622,4096
2457752,394.93,0.9952256,0.0036338,4096
2457752,395.46,1.023927,0.0036446,4096
2457752,395.99,1.050742,0.0036544,4096
2457752,396.53,1.081008,0.0036634,4096
2457752,397.07,1.126172,0.0036714,4096
2457752,397.61,1.206796,0.0036784,4096
2457752,398.15,1.308191,0.0036843,4096
2457752,398.69,1.410115,0.0036892,4096
2457752,399.24,1.515364,0.0036931,4096
2457752,399.79,1.608941,0.003696,4096
2457752,400.34,1.675204,0.0036978,4096
2457752,400.89,1.712886,0.0036986,4096
2457752,401.45,1.734873,0.0036983,4096
2457752,402.01,1.746488,0.0036969,4096
2457752,402.57,1.745851,0.0036944,4096
2457752,403.13,1.739264,0.0036907,4096
2457752,403.7,1.727393,0.0036859,4096
2457752,404.27,1.711649,0.00368,4096
2457752,404.84,1.693824,0.0036729,4096
2457752,405.41,1.679883,0.0036647,4096
2457752,405.99,1.675601,0.0036552,4096
2457752,406.57,1.680723,0.0036445,4096
2457752,407.15,1.685491,0.0036326,4096
2457752,407.74,1.688424,0.0036193,4096
2457752,408.33,1.699,0.0036048,4096
2457752,408.92,1.712357,0.003589,4096
2457752,409.51,1.72093,0.0035721,4096
2457752,410.11,1.724458,0.0035536,4096
2457752,410.7,1.737893,0.0035342,4096
2457752,411.31,1.757345,0.0035128,4096
2457752,411.91,1.771842,0.0034905,4096
2457752,412.52,1.78023,0.0034666,4096
2457752,413.13,1.788436,0.0034413,4096
2457752,413.74,1.79838,0.0034148,4096
2457752,414.36,1.799269,0.0033865,4096
2457752,414.98,1.792963,0.0033568,4096
2457752,415.6,1.786876,0.0033258,4096
2457752,416.22,1.783162,0.0032935,4096
2457752,416.85,1.772899,0.0032592,4096
2457752,417.48,1.76028,0.0032236,4096
2457752,418.11,1.754582,0.0031865,4096
2457752,418.75,1.755305,0.0031478,4096
2457752,419.39,1.754213,0.0031097,4096
2457752,420.04,1.749929,0.003072,4096
2457752,420.68,1.753164,0.003036,4096
2457752,421.33,1.755185,0.0030005,4096
2457752,421.98,1.749381,0.002966,4096
2457752,422.64,1.738909,0.002932,4096
2457752,423.3,1.732701,0.0028992,4096
2457752,423.96,1.726387,0.0028674,4096
2457752,424.63,1.714696,0.0028362,4096
2457752,425.3,1.70341,0.0028062,4096
2457752,425.97,1.69099,0.0027772,4096
2457752,426.65,1.670671,0.002749,4096
2457752,427.32,1.630897,0.0027224,4096
2457752,428.01,1.589047,0.0026961,4096
2457752,428.69,1.556558,0.0026713,4096
2457752,429.38,1.529475,0.0026473,4096
2457752,430.08,1.515051,0.0026243,4096
2457752,430.77,1.522229,0.0026027,4096
2457752,431.47,1.554547,0.002582,4096
2457752,432.18,1.600053,0.0025623,4096
2457752,432.89,1.64822,0.0025438,4096
2457752,433.6,1.694927,0.0025266,4096
2457752,434.31,1.735361,0.0025106,4096
2457752,435.03,1.763801,0.0024957,4096
2457752,435.75,1.779078,0.0024821,4096
2457752,436.48,1.786742,0.0024696,4096
2457752,437.21,1.787131,0.0024584,4096
2457752,437.94,1.786451,0.0024486,4096
2457752,438.68,1.791561,0.00244,4096
2457752,439.42,1.805723,0.0024327,4096
2457752,440.17,1.825268,0.0024267,4096
2457752,440.92,1.851693,0.0024221,4096
2457752,441.67,1.882503,0.0024189,4096
2457752,442.43,1.907875,0.0024171,4096
2457752,443.19,1.92612,0.0024168,4096
2457752,443.96,1.939549,0.0024179,4096
2457752,444.73,1.949199,0.0024204,4096
2457752,445.5,1.957237,0.0024245,4096
2457752,446.28,1.967018,0.00243,4096
2457752,447.06,1.990796,0.0024372,4096
2457752,447.85,2.018196,0.0024459,4096
2457752,448.64,2.038652,0.0024562,4096
2457752,449.43,2.054625,0.002468,4096
2457752,450.23,2.067117,0.0024809,4096
2457752,451.04,2.070884,0.0024936,4096
2457752,451.85,2.062515,0.0025058,4096
2457752,452.66,2.052706,0.0025176,4096
2457752,453.48,2.047758,0.002529,4096
2457752,454.3,2.047286,0.0025401,4096
2457752,455.13,2.048185,0.0025509,4096
2457752,455.96,2.052517,0.0025612,4096
2457752,456.8,2.060054,0.0025712,4096
2457752,457.64,2.068514,0.0025808,4096
2457752,458.48,2.073628,0.0025898,4096
2457752,459.33,2.078409,0.0025986,4096
2457752,460.19,2.083486,0.002607,4096
2457752,461.05,2.086671,0.0026149,4096
2457752,461.92,2.087418,0.0026224,4096
2457752,462.79,2.082453,0.0026294,4096
2457752,463.66,2.075318,0.0026359,4096
2457752,464.54,2.065106,0.0026421,4096
2457752,465.43,2.054334,0.0026477,4096
2457752,466.32,2.04137,0.0026529,4096
2457752,467.22,2.032743,0.0026576,4096
2457752,468.12,2.030622,0.0026619,4096
2457752,469.03,2.030438,0.0026656,4096
2457752,469.94,2.03318,0.0026688,4096
2457752,470.86,2.040345,0.0026715,4096
2457752,471.78,2.049932,0.0026736,4096
2457752,472.71,2.059665,0.0026752,4096
2457752,473.64,2.069099,0.0026763,4096
2457752,474.58,2.077692,0.0026768,4096
2457752,475.53,2.086553,0.0026768,4096
2457752,476.48,2.094119,0.0026761,4096
2457752,477.44,2.100354,0.0026748,4096
2457752,478.4,2.106709,0.002673,4096
2457752,479.37,2.108007,0.0026704,4096
2457752,480.34,2.103291,0.0026673,4096
2457752,481.33,2.085426,0.0026634,4096
2457752,482.31,2.058189,0.0026589,4096
2457752,483.31,2.024621,0.0026537,4096
2457752,484.3,1.990199,0.0026479,4096
2457752,485.31,1.959703,0.0026412,4096
2457752,486.32,1.938329,0.0026339,4096
2457752,487.34,1.931857,0.0026258,4096
2457752,488.37,1.938671,0.002617,4096
2457752,489.4,1.951828,0.0026074,4096
2457752,490.43,1.966699,0.0025971,4096
2457752,491.48,1.981797,0.0025859,4096
2457752,492.53,1.993162,0.0025739,4096
2457752,493.59,1.999415,0.0025611,4096
2457752,494.65,2.001385,0.0025476,4096
2457752,495.72,1.997553,0.0025331,4096
2457752,496.8,1.989029,0.0025177,4096
2457752,497.89,1.978746,0.0025014,4096
2457752,498.98,1.966441,0.0024843,4096
2457752,500.08,1.955924,0.0024663,4096
2457752,501.19,1.949296,0.0024472,4096
2457752,502.3,1.948039,0.0024274,4096
2457752,503.42,1.951369,0.0024065,4096
2457752,504.55,1.957146,0.0023846,4096
2457752,505.69,1.963462,0.0023616,4096
2457752,506.83,1.967085,0.0023378,4096
2457752,507.99,1.965457,0.0023126,4096
2457752,509.14,1.960656,0.0022868,4096
2457752,510.31,1.950955,0.0022596,4096
2457752,511.49,1.930803,0.0022312,4096
2457752,512.67,1.905188,0.0022024,4096
2457752,513.86,1.878671,0.0021739,4096
2457752,515.06,1.855773,0.0021458,4096
2457752,516.27,1.836098,0.0021181,4096
2457752,517.49,1.824995,0.0020908,4096
2457752,518.71,1.82894,0.0020642,4096
2457752,519.94,1.841302,0.002038,4096
2457752,521.18,1.853475,0.0020123,4096
2457752,522.43,1.866496,0.0019871,4096
2457752,523.69,1.88138,0.0019624,4096
2457752,524.96,1.893356,0.0019382,4096
2457752,526.24,1.898417,0.0019145,4096
2457752,527.52,1.903166,0.0018915,4096
2457752,528.82,1.91305,0.0018689,4096
2457752,530.12,1.921385,0.0018471,4096
2457752,531.44,1.92528,0.0018257,4096
2457752,532.76,1.925678,0.0018051,4096
2457752,534.09,1.924461,0.0017851,4096
2457752,535.43,1.919507,0.0017657,4096
2457752,536.79,1.910979,0.0017469,4096
2457752,538.15,1.902925,0.0017289,4096
2457752,539.52,1.896727,0.0017116,4096
2457752,540.9,1.89262,0.0016949,4096
2457752,542.29,1.891015,0.001679,4096
2457752,543.69,1.891218,0.0016638,4096
2457752,545.11,1.892049,0.0016499,4096
2457752,546.53,1.891996,0.0016363,4096
2457752,547.96,1.893021,0.0016234,4096
2457752,549.41,1.893166,0.0016113,4096
2457752,550.86,1.889836,0.0016001,4096
2457752,552.33,1.882912,0.0015896,4096
2457752,553.8,1.876747,0.0015801,4096
2457752,555.29,1.869619,0.0015714,4096
2457752,556.79,1.861245,0.0015637,4096
2457752,558.3,1.853401,0.0015569,4096
2457752,559.82,1.848892,0.001551,4096
2457752,561.36,1.846489,0.0015461,4096
2457752,562.9,1.844689,0.0015422,4096
2457752,564.46,1.843621,0.0015393,4096
2457752,566.03,1.844903,0.0015375,4096
2457752,567.61,1.84644,0.0015367,4096
2457752,569.21,1.847039,0.001537,4096
2457752,570.81,1.846989,0.0015379,4096
2457752,572.43,1.848709,0.0015405,4096
2457752,574.06,1.849836,0.0015443,4096
2457752,575.71,1.848957,0.0015485,4096
2457752,577.37,1.846744,0.0015525,4096
2457752,579.04,1.843396,0.0015564,4096
2457752,580.72,1.836641,0.00156,4096
2457752,582.42,1.827599,0.0015635,4096
2457752,584.13,1.818466,0.0015667,4096
2457752,585.86,1.80859,0.0015697,4096
2457752,587.59,1.799195,0.0015725,4096
2457752,589.35,1.791932,0.0015751,4096
2457752,591.11,1.787435,0.0015775,4096
2457752,592.9,1.784024,0.0015796,4096
2457752,594.69,1.780536,0.0015815,4096
2457752,596.5,1.77768,0.0015831,4096
2457752,598.33,1.774094,0.0015845,4096
2457752,600.17,1.768401,0.0015856,4096
2457752,602.03,1.760706,0.0015865,4096
2457752,603.9,1.752871,0.0015871,4096
2457752,605.78,1.742541,0.0015874,4096
2457752,607.69,1.730599,0.0015876,4096
2457752,609.6,1.718815,0.0015875,4096
2457752,611.54,1.707938,0.0015871,4096
2457752,613.49,1.697057,0.0015864,4096
2457752,615.46,1.686515,0.0015855,4096
2457752,617.44,1.679523,0.0015844,4096
2457752,619.44,1.674799,0.0015829,4096
2457752,621.46,1.669313,0.0015812,4096
2457752,623.49,1.663184,0.0015791,4096
2457752,625.54,1.657583,0.0015768,4096
2457752,627.61,1.652543,0.0015741,4096
2457752,629.7,1.645838,0.0015711,4096
2457752,631.81,1.638051,0.0015678,4096
2457752,633.93,1.631322,0.0015642,4096
2457752,636.07,1.624372,0.0015602,4096
2457752,638.23,1.616222,0.0015559,4096
2457752,640.41,1.607767,0.0015513,4096
2457752,642.61,1.599339,0.0015462,4096
2457752,644.82,1.587123,0.0015408,4096
2457752,647.06,1.573331,0.0015349,4096
2457752,649.31,1.560257,0.0015287,4096
2457752,651.59,1.54816,0.0015221,4096
2457752,653.88,1.53728,0.0015151,4096
2457752,656.2,1.529046,0.0015076,4096
2457752,658.53,1.525898,0.0014997,4096
2457752,660.89,1.525865,0.0014913,4096
2457752,663.27,1.525317,0.0014826,4096
2457752,665.66,1.523914,0.0014733,4096
2457752,668.08,1.521553,0.0014636,4096
2457752,670.52,1.516793,0.0014535,4096
2457752,672.99,1.508701,0.001443,4096
2457752,675.47,1.500383,0.0014323,4096
2457752,677.98,1.491806,0.0014212,4096
2457752,680.5,1.482692,0.0014098,4096
2457752,683.06,1.473583,0.001398,4096
2457752,685.63,1.464036,0.001386,4096
2457752,688.23,1.454023,0.0013735,4096
2457752,690.85,1.444143,0.0013606,4096
2457752,693.49,1.433928,0.0013474,4096
2457752,696.16,1.423806,0.0013338,4096
2457752,698.85,1.414294,0.0013198,4096
2457752,701.56,1.404496,0.0013053,4096
2457752,704.3,1.395094,0.0012904,4096
2457752,707.07,1.384881,0.0012749,4096
2457752,709.85,1.374893,0.0012557,4096
2457752,712.67,1.36475,0.0012395,4096
2457752,715.51,1.354504,0.0012228,4096
2457752,718.37,1.344249,0.0012057,4096
2457752,721.26,1.334647,0.0011879,4096
2457752,724.18,1.32539,0.0011696,4096
2457752,727.12,1.315854,0.0011507,4096
2457752,730.09,1.306444,0.0011313,4096
2457752,733.08,1.297944,0.0011113,4096
2457752,736.1,1.288941,0.0010907,4096
2457752,739.15,1.279826,0.0010694,4096
2457752,742.22,1.271954,0.0010476,4096
2457752,745.33,1.26445,0.001025,4096
2457752,748.46,1.257028,0.0010018,4096
2457752,751.61,1.248994,9.78E-04,4096
2457752,754.8,1.240893,9.54E-04,4096
2457752,758.01,1.232478,9.28E-04,4096
2457752,761.26,1.223201,9.02E-04,4096
2457752,764.53,1.214208,8.78E-04,4096
2457752,767.83,1.205443,8.55E-04,4096
2457752,771.15,1.197234,8.34E-04,4096
2457752,774.51,1.188965,7.88E-04,4096
2457752,777.9,1.180401,7.71E-04,4096
2457752,781.31,1.171654,7.55E-04,4096
2457752,784.76,1.162858,7.42E-04,4096
2457752,788.23,1.153198,7.15E-04,4096
2457752,791.73,1.14327,7.06E-04,4096
2457752,795.27,1.133548,7.00E-04,4096
2457752,798.83,1.124456,6.95E-04,4096
2457752,802.42,1.114665,6.93E-04,4096
2457752,806.05,1.105023,6.94E-04,4096
2457752,809.7,1.096034,7.49E-04,4096
2457752,813.39,1.086797,7.57E-04,4096
2457752,817.1,1.077012,7.67E-04,4096
2457752,820.85,1.067866,7.79E-04,4096
2457752,824.62,1.059325,7.95E-04,4096
2457752,828.43,1.050182,8.14E-04,4096
2457752,832.26,1.039472,8.35E-04,4096
2457752,836.13,1.027925,8.60E-04,4096
2457752,840.03,1.016971,8.88E-04,4096
2457752,843.96,1.004726,9.19E-04,4096
2457752,847.92,0.9914334,9.54E-04,4096
2457752,851.91,0.9798804,9.92E-04,4096
2457752,855.93,0.9704325,0.0010331,4096
2457752,859.99,0.9628925,0.0010781,4096
2457752,864.07,0.9556335,0.0011265,4096
2457752,868.18,0.9498607,0.0011786,4096
2457752,872.33,0.9457907,0.0012346,4096
2457752,876.5,0.9411584,0.0012942,4096
2457752,880.71,0.935278,0.0013579,4096
2457752,884.94,0.9294967,0.0014253,4096
2457752,889.21,0.9230409,0.001497,4096
2457752,893.5,0.9159342,0.0015726,4096
2457752,897.83,0.9079121,0.0016526,4096
2457752,902.19,0.8991864,0.0017369,4096
2457752,906.57,0.891033,0.0018253,4096
2457752,910.99,0.8830853,0.0019183,4096
2457752,915.43,0.8748698,0.0020156,4096
2457752,919.91,0.8662826,0.0021177,4096
2457752,924.41,0.8581542,0.0022243,4096
2457752,928.94,0.8504242,0.0023355,4096
2457752,933.5,0.8420191,0.0024516,4096
2457752,938.09,0.833604,0.0025687,4096
2457752,942.7,0.8257084,0.0026943,4096
2457752,947.35,0.8190789,0.0028251,4096
2457752,952.74,0.8074851,2.50E-04,4096
2457752,957.41,0.8004163,2.50E-04,4096
2457752,962.11,0.7942456,2.50E-04,4096
2457752,966.83,0.7887535,2.50E-04,4096
2457752,971.58,0.7828027,2.50E-04,4096
2457752,976.35,0.7761641,2.50E-04,4096
2457752,981.15,0.7687615,2.50E-04,4096
2457752,985.98,0.7612546,2.50E-04,4096
2457752,990.82,0.7534629,2.50E-04,4096
2457752,995.7,0.7454239,2.50E-04,4096
2457752,1000.59,0.7378788,2.50E-04,4096
2457752,1005.51,0.7309344,2.50E-04,4096
2457752,1010.45,0.7245252,2.50E-04,4096
2457752,1015.42,0.7177418,2.50E-04,4096
2457752,1020.41,0.7111086,2.50E-04,4096
2457752,1025.41,0.7047344,2.50E-04,4096
2457752,1030.44,0.6981595,2.50E-04,4096
2457752,1035.49,0.6911444,2.50E-04,4096
2457752,1040.57,0.683922,2.50E-04,4096
2457752,1045.66,0.6765923,2.50E-04,4096
2457752,1050.77,0.6688604,2.50E-04,4096
2457752,1055.9,0.6605694,2.50E-04,4096
2457752,1061.04,0.6521762,2.50E-04,4096
2457752,1066.21,0.6435421,2.50E-04,4096
2457752,1071.39,0.6350489,2.50E-04,4096
2457752,1076.59,0.6272717,2.50E-04,4096
2457752,1081.81,0.6201933,2.50E-04,4096
2457752,1087.04,0.6140009,2.50E-04,4096
2457752,1092.29,0.6084525,2.50E-04,4096
2457752,1097.55,0.6032172,2.50E-04,4096
2457752,1102.83,0.5982779,2.50E-04,4096
2457752,1108.13,0.5930713,2.50E-04,4096
2457752,1113.43,0.5875659,2.50E-04,4096
2457752,1118.75,0.5820148,2.50E-04,4096
2457752,1124.09,0.5762893,2.50E-04,4096
2457752,1129.43,0.5703472,2.50E-04,4096
2457752,1134.79,0.5644872,2.50E-04,4096
2457752,1140.16,0.5586402,2.50E-04,4096
2457752,1145.53,0.5529433,2.50E-04,4096
2457752,1150.92,0.5469315,2.50E-04,4096
2457752,1156.32,0.5408055,2.50E-04,4096
2457752,1161.73,0.5348884,2.50E-04,4096
2457752,1167.15,0.5289083,2.50E-04,4096
2457752,1172.57,0.5228734,2.50E-04,4096
2457752,1178.01,0.5169728,2.50E-04,4096
2457752,1183.45,0.511509,2.50E-04,4096
2457752,1188.9,0.5065001,2.50E-04,4096
2457752,1194.35,0.5016413,2.50E-04,4096
2457752,1199.82,0.4971569,2.50E-04,4096
2457752,1205.28,0.4931442,2.50E-04,4096
2457752,1210.76,0.4892108,2.50E-04,4096
2457752,1216.23,0.485211,2.50E-04,4096
2457752,1221.72,0.4810843,2.50E-04,4096
2457752,1227.2,0.4768421,2.50E-04,4096
2457752,1232.69,0.4724167,2.50E-04,4096
2457752,1238.19,0.4677746,2.50E-04,4096
2457752,1243.68,0.4631184,2.50E-04,4096
2457752,1249.18,0.4582058,2.50E-04,4096
2457752,1254.68,0.4529807,2.50E-04,4096
2457752,1260.19,0.4480605,2.50E-04,4096
2457752,1265.69,0.4432857,2.50E-04,4096
2457752,1271.2,0.4386617,2.50E-04,4096
2457752,1276.7,0.4343836,2.50E-04,4096
2457752,1282.21,0.4305623,2.50E-04,4096
2457752,1287.72,0.4272082,2.50E-04,4096
2457752,1293.22,0.4237149,2.50E-04,4096
2457752,1298.73,0.420271,2.50E-04,4096
2457752,1304.24,0.4168308,2.50E-04,4096
2457752,1309.74,0.4133358,2.50E-04,4096
2457752,1315.24,0.4097689,2.50E-04,4096
2457752,1320.74,0.40626,2.50E-04,4096
2457752,1326.24,0.4027693,2.50E-04,4096
2457752,1331.74,0.3992389,2.50E-04,4096
2457752,1337.23,0.3957718,2.50E-04,4096
2457752,1342.72,0.3921218,2.50E-04,4096
2457752,1348.21,0.388487,2.50E-04,4096
2457752,1353.69,0.38483,2.50E-04,4096
2457752,1359.17,0.3812888,2.50E-04,4096
2457752,1364.64,0.3777638,2.50E-04,4096
2457752,1370.12,0.3744385,2.50E-04,4096
2457752,1375.58,0.3711684,2.50E-04,4096
2457752,1381.04,0.3678573,2.50E-04,4096
2457752,1386.5,0.364541,2.50E-04,4096
2457752,1391.95,0.361239,2.50E-04,4096
2457752,1397.4,0.3576854,2.50E-04,4096
2457752,1402.84,0.3541628,2.50E-04,4096
2457752,1408.28,0.3505309,2.50E-04,4096
2457752,1413.71,0.347103,2.50E-04,4096
2457752,1419.13,0.3437083,2.50E-04,4096
2457752,1424.55,0.3403848,2.50E-04,4096
2457752,1429.96,0.3372558,2.50E-04,4096
2457752,1435.36,0.3342788,2.50E-04,4096
2457752,1440.76,0.3315306,2.50E-04,4096
2457752,1446.15,0.328909,2.50E-04,4096
2457752,1451.54,0.3262307,2.50E-04,4096
2457752,1456.91,0.323454,2.50E-04,4096
2457752,1462.28,0.3206298,2.50E-04,4096
2457752,1467.64,0.3177807,2.50E-04,4096
2457752,1473,0.3145167,2.50E-04,4096
2457752,1478.34,0.3113856,2.50E-04,4096
2457752,1483.68,0.3084183,2.50E-04,4096
2457752,1489.01,0.3056892,2.50E-04,4096
2457752,1494.33,0.3032633,2.50E-04,4096
2457752,1499.65,0.301029,2.50E-04,4096
2457752,1504.95,0.29929,2.50E-04,4096
2457752,1510.25,0.2977206,2.50E-04,4096
2457752,1515.54,0.2959717,2.50E-04,4096
2457752,1520.82,0.2940824,2.50E-04,4096
2457752,1526.09,0.2920646,2.50E-04,4096
2457752,1531.36,0.2895877,2.50E-04,4096
2457752,1536.61,0.2867984,2.50E-04,4096
2457752,1541.86,0.2837418,2.50E-04,4096
2457752,1547.09,0.2802466,2.50E-04,4096
2457752,1552.32,0.2768267,2.50E-04,4096
2457752,1557.54,0.2730248,2.50E-04,4096
2457752,1562.75,0.2693963,2.50E-04,4096
2457752,1567.95,0.2660472,2.50E-04,4096
2457752,1573.14,0.2632174,2.50E-04,4096
2457752,1578.32,0.2608764,2.50E-04,4096
2457752,1583.49,0.2587518,2.50E-04,4096
2457752,1588.65,0.2567604,2.50E-04,4096
2457752,1593.8,0.2550996,2.50E-04,4096
2457752,1598.95,0.253429,2.50E-04,4096
2457752,1601.18,0.2525185,4.52E-04,5120
2457752,1616.86,0.2487295,4.53E-04,5120
2457752,1632.42,0.2412361,4.77E-04,5120
2457752,1647.91,0.2352197,5.50E-04,5120
2457752,1663.31,0.2288239,5.31E-04,5120
2457752,1678.61,0.2228454,4.93E-04,5120
2457752,1693.82,0.2163881,5.26E-04,5120
2457752,1708.93,0.2093093,4.71E-04,5120
2457752,1723.95,0.2025283,4.18E-04,5120
2457752,1738.86,0.1962221,3.77E-04,5120
2457752,1753.69,0.1917395,3.22E-04,5120
2457752,1768.43,0.1857098,3.41E-04,5120
2457752,1783.07,0.1797804,3.82E-04,5120
2457752,1797.62,0.1742062,4.45E-04,5120
2457752,1812.08,0.1690015,5.29E-04,5120
2457752,1826.44,0.1647878,5.56E-04,5120
2457752,1840.72,0.1614501,6.00E-04,5120
2457752,1854.9,0.156159,6.04E-04,5120
2457752,1869,0.1514244,4.88E-04,5120
2457752,1883,0.1487617,4.21E-04,5120
2457752,1896.92,0.1471569,4.05E-04,5120
2457752,1910.75,0.1421013,4.34E-04,5120
2457752,1924.48,0.1367924,3.39E-04,5120
2457752,1938.13,0.1332805,2.69E-04,5120
2457752,1951.71,0.1317442,2.60E-04,5120
2457752,1965.19,0.1282655,3.01E-04,5120
2457752,1978.59,0.1255105,3.03E-04,5120
2457752,1991.92,0.123625,3.03E-04,5120
2457752,2005.15,0.1210218,2.95E-04,5120
2457752,2018.31,0.1180374,3.37E-04,5120
2457752,2031.38,0.1157386,3.60E-04,5120
2457752,2044.38,0.1130022,3.65E-04,5120
2457752,2057.3,0.1097331,3.53E-04,5120
2457752,2070.13,0.1084144,3.23E-04,5120
2457752,2082.89,0.1060865,2.77E-04,5120
2457752,2095.58,0.1029518,2.34E-04,5120
2457752,2108.19,0.1014786,2.49E-04,5120
2457752,2120.73,0.09901584,2.51E-04,5120
2457752,2133.2,0.09758363,2.84E-04,5122
2457752,2145.59,0.09423802,3.24E-04,5122
2457752,2157.91,0.09174078,3.26E-04,5122
2457752,2170.15,0.08984795,3.17E-04,5122
2457752,2182.34,0.0897439,3.09E-04,5120
2457752,2194.44,0.08813059,3.59E-04,5120
2457752,2206.48,0.08538257,4.08E-04,5120
2457752,2218.45,0.08456683,4.44E-04,5120
2457752,2230.36,0.08249022,4.65E-04,5120
2457752,2242.2,0.08036966,4.73E-04,5120
2457752,2253.97,0.07953338,4.67E-04,5120
2457752,2265.68,0.07742125,4.48E-04,5120
2457752,2277.33,0.07621044,4.16E-04,5120
2457752,2288.91,0.07489876,3.77E-04,5120
2457752,2300.43,0.07367039,3.44E-04,5120
2457752,2311.89,0.07168617,3.18E-04,5120
2457752,2323.28,0.07084936,2.99E-04,5120
2457752,2334.63,0.06937751,2.87E-04,5120
2457752,2345.9,0.06897955,2.81E-04,5120
2457752,2357.11,0.06706609,2.96E-04,5120
2457752,2368.28,0.06502067,2.91E-04,5120
2457752,2379.37,0.06400007,3.06E-04,5120
2457752,2390.42,0.06355397,3.27E-04,5120
2457752,2401.4,0.06262309,3.54E-04,5120
2457752,2412.34,0.0611627,3.88E-04,5120
2457753,0.5,5.61E-07,0.031900998,0
2457753,1.5,1.61E-05,0.031900998,0
2457753,2.5,1.60E-05,0.031900998,0
2457753,3.5,1.43E-05,0.031900998,0
2457753,4.5,1.79E-05,0.031900998,0
2457753,5.5,2.62E-05,0.031900998,0
2457753,6.5,4.42E-05,0.031900998,0
2457753,7.5,3.58E-05,0.031900998,0
2457753,8.5,3.44E-05,0.031900998,0
2457753,9.5,2.91E-05,0.031900998,0
2457753,10.5,2.17E-05,0.031900998,0
2457753,11.5,1.50E-05,0.031900998,0
2457753,12.5,7.67E-06,0.031900998,0
2457753,13.5,8.16E-06,0.031900998,0
2457753,14.5,1.73E-05,0.031900998,0
2457753,15.5,1.49E-05,0.031900998,0
2457753,16.5,2.36E-05,0.031900998,0
2457753,17.5,1.55E-04,0.031900998,0
2457753,18.5,1.22E-04,0.031900998,0
2457753,19.5,8.83E-05,0.031900998,0
2457753,20.5,5.73E-05,0.031900998,0
2457753,21.5,4.07E-05,0.031900998,0
2457753,22.5,5.85E-05,0.031900998,0
2457753,23.5,3.46E-05,0.031900998,0
2457753,24.5,4.16E-05,0.031900998,0
2457753,25.5,7.01E-05,0.031900998,0
2457753,26.5,1.83E-05,0.031900998,0
2457753,27.5,2.66E-05,0.031900998,0
2457753,28.5,2.46E-05,0.031900998,0
2457753,29.5,1.56E-05,0.031900998,0
2457753,30.5,4.52E-04,0.031900998,0
2457753,31.5,3.14E-05,0.031900998,0
2457753,32.5,9.88E-06,0.031900998,0
2457753,33.5,2.08E-05,0.031900998,0
2457753,34.5,3.40E-05,0.031900998,0
2457753,35.5,2.45E-05,0.031900998,0
2457753,36.5,5.12E-05,0.031900998,0
2457753,37.5,2.50E-06,0.031900998,0
2457753,38.5,3.32E-06,0.031900998,0
2457753,39.5,2.06E-06,0.031900998,0
2457753,115.5,1.83E-05,6.20E-07,0
2457753,116.5,2.30E-05,7.57E-07,0
2457753,117.5,7.92E-05,2.55E-06,0
2457753,118.5,3.19E-05,1.03E-06,0
2457753,119.5,5.10E-05,1.61E-06,0
2457753,120.5,1.47E-04,5.35E-06,0
2457753,121.5,0.006330042,2.01E-04,0
2457753,122.5,6.36E-05,2.43E-06,0
2457753,123.5,4.06E-05,1.29E-06,0
2457753,124.5,2.95E-05,9.38E-07,0
2457753,125.5,2.70E-05,8.69E-07,0
2457753,126.5,3.53E-05,1.14E-06,0
2457753,127.5,1.92E-05,6.29E-07,0
2457753,128.5,1.55E-05,5.05E-07,0
2457753,129.5,1.78E-05,5.83E-07,0
2457753,130.5,1.56E-04,4.92E-06,0
2457753,131.5,2.55E-05,8.23E-07,0
2457753,132.5,1.97E-05,6.42E-07,0
2457753,133.5,1.82E-04,5.66E-06,0
2457753,134.5,1.85E-05,6.00E-07,0
2457753,135.5,4.15E-05,1.33E-06,0
2457753,136.5,2.62E-05,8.51E-07,0
2457753,137.5,2.86E-05,9.25E-07,0
2457753,138.5,2.79E-05,9.04E-07,0
2457753,139.5,7.18E-05,2.31E-06,0
2457753,140.5,6.23E-05,2.00E-06,0
2457753,141.5,3.85E-05,1.25E-06,0
2457753,142.5,4.21E-05,1.36E-06,0
2457753,143.5,4.80E-05,1.57E-06,0
2457753,144.5,4.64E-05,1.51E-06,0
2457753,145.5,5.00E-05,1.64E-06,0
2457753,146.5,6.20E-05,2.02E-06,0
2457753,147.5,7.81E-05,2.56E-06,0
2457753,148.5,7.97E-05,2.61E-06,0
2457753,149.5,7.19E-05,2.37E-06,0
2457753,150.5,8.07E-05,2.67E-06,0
2457753,151.5,8.83E-05,2.91E-06,0
2457753,152.5,1.10E-04,3.65E-06,0
2457753,153.5,1.21E-04,4.02E-06,0
2457753,154.5,2.05E-04,6.69E-06,0
2457753,155.5,1.83E-04,6.13E-06,0
2457753,156.5,1.85E-04,6.19E-06,0
2457753,157.5,1.62E-04,5.45E-06,0
2457753,158.5,1.59E-04,5.36E-06,0
2457753,159.5,1.57E-04,5.27E-06,0
2457753,160.5,1.76E-04,5.93E-06,0
2457753,161.5,2.09E-04,7.05E-06,0
2457753,162.5,2.42E-04,8.16E-06,0
2457753,163.5,2.54E-04,8.65E-06,0
2457753,164.5,2.95E-04,9.89E-06,0
2457753,165.5,4.76E-04,1.61E-05,0
2457753,166.5,3.27E-04,1.10E-05,0
2457753,167.5,3.81E-04,1.27E-05,0
2457753,168.5,4.20E-04,1.39E-05,0
2457753,169.5,5.53E-04,1.83E-05,0
2457753,170.5,6.31E-04,2.09E-05,0
2457753,171.5,6.33E-04,2.11E-05,0
2457753,172.5,6.94E-04,2.32E-05,0
2457753,173.5,7.00E-04,2.35E-05,0
2457753,174.5,8.56E-04,2.87E-05,0
2457753,175.5,0.001042947,3.51E-05,0
2457753,176.5,0.001122665,3.78E-05,0
2457753,177.5,0.0013525,4.56E-05,0
2457753,178.5,0.001502701,5.07E-05,0
2457753,179.5,0.001492181,5.03E-05,0
2457753,180.5,0.001930736,2.88E-05,0
2457753,181.5,0.002254554,3.47E-05,0
2457753,182.5,0.002214105,3.62E-05,0
2457753,183.5,0.002379297,4.06E-05,0
2457753,184.5,0.002060846,3.58E-05,0
2457753,185.5,0.002359195,4.23E-05,0
2457753,186.5,0.002732779,5.00E-05,0
2457753,187.5,0.003074843,5.92E-05,0
2457753,188.5,0.003305325,6.64E-05,0
2457753,189.5,0.003579309,7.60E-05,0
2457753,190.5,0.003840358,8.13E-05,0
2457753,191.5,0.004106207,8.78E-05,0
2457753,192.5,0.004368386,9.23E-05,0
2457753,193.5,0.003408327,7.27E-05,0
2457753,194.5,0.005565272,1.26E-04,0
2457753,195.5,0.005437956,1.29E-04,0
2457753,196.5,0.006154081,1.52E-04,0
2457753,197.5,0.006269447,1.56E-04,0
2457753,198.5,0.006387076,1.56E-04,0
2457753,199.5,0.00689905,1.69E-04,0
2457753,200.5,0.007477688,1.82E-04,0
2457753,201.5,0.0083653,2.05E-04,0
2457753,202.5,0.008276619,1.99E-04,0
2457753,203.5,0.009581976,2.24E-04,0
2457753,204.5,0.01060665,2.35E-04,0
2457753,205.5,0.01091716,2.26E-04,0
2457753,206.5,0.01128165,2.19E-04,0
2457753,207.5,0.01297603,2.31E-04,0
2457753,208.5,0.01488807,2.39E-04,0
2457753,209.5,0.02161659,3.19E-04,0
2457753,210.5,0.02810217,3.68E-04,0
2457753,211.5,0.03424598,4.08E-04,0
2457753,212.5,0.0326667,3.56E-04,0
2457753,213.5,0.02945506,2.94E-04,0
2457753,214.5,0.0420057,4.04E-04,0
2457753,215.5,0.03415951,3.16E-04,0
2457753,216.5,0.03296178,3.10E-04,0
2457753,217.5,0.03202679,3.17E-04,0
2457753,218.5,0.04505871,4.70E-04,0
2457753,219.5,0.04753502,5.39E-04,0
2457753,220.5,0.0468068,5.70E-04,0
2457753,221.5,0.03337025,4.52E-04,0
2457753,222.5,0.04903418,6.81E-04,0
2457753,223.5,0.06236614,9.14E-04,0
2457753,224.5,0.057057,9.06E-04,0
2457753,225.5,0.05033267,8.27E-04,0
2457753,226.5,0.03526289,5.96E-04,0
2457753,227.5,0.03585204,6.07E-04,0
2457753,228.5,0.05135001,8.39E-04,0
2457753,229.5,0.04359248,7.12E-04,0
2457753,230.5,0.05320809,8.63E-04,0
2457753,231.5,0.04586781,7.45E-04,0
2457753,232.5,0.04953262,7.93E-04,0
2457753,233.5,0.04139875,6.87E-04,0
2457753,234.5,0.03376051,5.84E-04,0
2457753,235.5,0.05406686,9.50E-04,0
2457753,236.5,0.0417567,7.65E-04,0
2457753,237.5,0.0506256,9.21E-04,0
2457753,238.5,0.03477014,6.84E-04,0
2457753,239.5,0.04314505,8.65E-04,0
2457753,240.5,0.03984982,8.25E-04,0
2457753,241.5,0.04658645,9.75E-04,0
2457753,242.5,0.07013701,0.001449,0
2457753,243.5,0.06401711,0.0012722,0
2457753,244.5,0.06116649,0.0011664,0
2457753,245.5,0.04814683,8.80E-04,0
2457753,246.5,0.04809253,8.51E-04,0
2457753,247.5,0.05528926,9.61E-04,0
2457753,248.5,0.04248699,7.32E-04,0
2457753,249.5,0.05429662,9.86E-04,0
2457753,250.5,0.05688659,0.0010613,0
2457753,251.5,0.04388723,8.34E-04,0
2457753,252.5,0.03876828,7.47E-04,0
2457753,253.5,0.04959542,9.59E-04,0
2457753,254.5,0.05511567,0.0010743,0
2457753,255.5,0.07851825,0.0015242,0
2457753,256.5,0.09449455,0.001907,0
2457753,257.5,0.1176847,0.0023088,0
2457753,258.5,0.1252134,0.00245,0
2457753,259.5,0.1042367,0.0020203,0
2457753,260.5,0.08421075,0.0015778,0
2457753,261.5,0.08187022,0.0014458,0
2457753,262.5,0.1040748,0.0018036,0
2457753,263.5,0.153656,0.0026358,0
2457753,264.5,0.2409827,0.0041245,0
2457753,265.5,0.252184,0.0043985,0
2457753,266.5,0.2460217,0.0043354,0
2457753,267.5,0.2464183,0.0043372,0
2457753,268.5,0.2463638,0.0043608,0
2457753,269.5,0.2192679,0.0038659,0
2457753,270.5,0.2775866,0.0048523,0
2457753,271.5,0.232188,0.0039367,0
2457753,272.5,0.1829513,0.0031304,0
2457753,273.5,0.2099933,0.0037245,0
2457753,274.5,0.1227784,0.0023183,0
2457753,275.5,0.1761771,0.0035468,0
2457753,276.5,0.245834,0.0052582,0
2457753,277.5,0.2441217,0.0054306,0
2457753,278.5,0.1600906,0.0037518,0
2457753,279.5,0.07517699,0.0017193,0
2457753,280.5,0.08703461,0.0018799,0
2457753,281.5,0.2079107,0.004466,0
2457753,282.5,0.2922078,0.0061748,0
2457753,283.5,0.3261428,0.0070389,0
2457753,284.5,0.2510928,0.005674,0
2457753,285.5,0.1260368,0.0025434,0
2457753,286.5,0.3413357,0.007813,0
2457753,287.5,0.3744192,0.0083144,0
2457753,288.5,0.3077407,0.0063821,0
2457753,289.5,0.4588811,0.009151,0
2457753,290.5,0.612646,0.012619,0
2457753,291.5,0.5706194,0.011985,0
2457753,292.5,0.5009838,0.010951,0
2457753,293.5,0.5645676,0.011915,0
2457753,294.5,0.509674,0.010104,0
2457753,295.5,0.5690416,0.010144,0
2457753,296.5,0.5111035,0.0092987,0
2457753,297.5,0.5445523,0.010275,0
2457753,298.5,0.4031208,0.0082206,0
2457753,299.5,0.5662302,0.012274,0
2457753,300.5,0.3713571,0.0080495,0
2457753,301.5,0.5073916,0.011735,0
2457753,302.5,0.4943002,0.011929,0
2457753,303.5,0.6493932,0.016943,0
2457753,304.5,0.6116527,0.016495001,0
2457753,305.5,0.6426995,0.020419,0
2457753,306.5,0.5726616,0.019695001,0
2457753,307.5,0.6622459,0.024445999,0
2457753,308.5,0.666726,0.026760001,0
2457753,309.5,0.5021261,0.020767,0
2457753,310.25,0.5590445,0.0015205,4096
2457753,310.48,0.6065999,0.0015429,4096
2457753,310.71,0.6495505,0.0015652,4096
2457753,310.95,0.6773076,0.0015883,4096
2457753,311.18,0.6923511,0.0016102,4096
2457753,311.42,0.6989876,0.001633,4096
2457753,311.65,0.6836101,0.0016665,4096
2457753,311.89,0.6675415,0.0016887,4096
2457753,312.12,0.6519048,0.0017098,4096
2457753,312.36,0.6416632,0.0017316,4096
2457753,312.6,0.6406888,0.0017533,4096
2457753,312.84,0.6469148,0.0017748,4096
2457753,313.08,0.658227,0.0017962,4096
2457753,313.32,0.6670341,0.0018174,4096
2457753,313.56,0.6693146,0.0018384,4096
2457753,313.8,0.6702942,0.0018593,4096
2457753,314.04,0.667129,0.00188,4096
2457753,314.28,0.6588819,0.0019005,4096
2457753,314.53,0.6505185,0.0019217,4096
2457753,314.77,0.6433564,0.0019419,4096
2457753,315.02,0.6314156,0.0019628,4096
2457753,315.26,0.6200355,0.0019826,4096
2457753,315.51,0.6062856,0.0020032,4096
2457753,315.75,0.5943736,0.0020227,4096
2457753,316,0.5947125,0.0020429,4096
2457753,316.25,0.6125105,0.0020628,4096
2457753,316.5,0.6396379,0.0020827,4096
2457753,316.75,0.6619453,0.0021023,4096
2457753,317,0.6907511,0.0021218,4096
2457753,317.25,0.7095383,0.002141,4096
2457753,317.5,0.7125612,0.0021601,4096
2457753,317.75,0.7046227,0.0021791,4096
2457753,318.01,0.6853754,0.0021986,4096
2457753,318.26,0.6667822,0.0022171,4096
2457753,318.51,0.6571184,0.0022355,4096
2457753,318.77,0.6575529,0.0022544,4096
2457753,319.02,0.6634918,0.0022725,4096
2457753,319.28,0.6746079,0.002291,4096
2457753,319.54,0.701664,0.0023094,4096
2457753,319.8,0.7254152,0.0023276,4096
2457753,320.06,0.7396937,0.0023455,4096
2457753,320.32,0.7385006,0.0023624,4096
2457753,320.58,0.7395415,0.0021541,4096
2457753,320.84,0.7307769,0.0021725,4096
2457753,321.1,0.7197076,0.0021911,4096
2457753,321.36,0.7029348,0.0022091,4096
2457753,321.62,0.6917485,0.0022269,4096
2457753,321.89,0.6827591,0.0022452,4096
2457753,322.15,0.6724938,0.0022626,4096
2457753,322.42,0.6625339,0.0022805,4096
2457753,322.69,0.6581191,0.0022981,4096
2457753,322.95,0.6531712,0.0023149,4096
2457753,323.22,0.6575769,0.0023321,4096
2457753,323.49,0.6634039,0.0023492,4096
2457753,323.76,0.6798199,0.002366,4096
2457753,324.03,0.6988486,0.0023826,4096
2457753,324.3,0.7261549,0.002399,4096
2457753,324.57,0.7526748,0.0024151,4096
2457753,324.85,0.7833331,0.0024558,4096
2457753,325.12,0.8146407,0.002471,4096
2457753,325.39,0.8480987,0.0024861,4096
2457753,325.67,0.8850322,0.0025805,4096
2457753,325.94,0.9084166,0.0025944,4096
2457753,326.22,0.9314171,0.0026086,4096
2457753,326.5,0.9436057,0.0026225,4096
2457753,326.78,0.9524364,0.0026363,4096
2457753,327.06,0.9484076,0.0026498,4096
2457753,327.34,0.9381048,0.0026631,4096
2457753,327.62,0.9265845,0.0026762,4096
2457753,327.9,0.9217529,0.0028008,4096
2457753,328.18,0.9221499,0.0028132,4096
2457753,328.47,0.9294152,0.0028259,4096
2457753,328.75,0.9490695,0.0028379,4096
2457753,329.04,0.9764501,0.0028501,4096
2457753,329.32,0.9983347,0.0028617,4096
2457753,329.61,1.011553,0.0028639,4096
2457753,329.9,1.018954,0.0028756,4096
2457753,330.19,1.014515,0.0028869,4096
2457753,330.48,0.9996113,0.002713,4096
2457753,330.77,0.9839928,0.002724,4096
2457753,331.06,0.9683952,0.0027348,4096
2457753,331.35,0.9580193,0.0027453,4096
2457753,331.64,0.9495483,0.0027556,4096
2457753,331.94,0.9446783,0.002766,4096
2457753,332.23,0.9392192,0.0027759,4096
2457753,332.53,0.9327565,0.0027859,4096
2457753,332.83,0.9253898,0.0027956,4096
2457753,333.12,0.9248298,0.0028048,4096
2457753,333.42,0.9220456,0.0028141,4096
2457753,333.72,0.9199212,0.0028232,4096
2457753,334.02,0.9278422,0.002832,4096
2457753,334.32,0.9401778,0.0028405,4096
2457753,334.63,0.9422722,0.0028491,4096
2457753,334.93,0.9361848,0.0028572,4096
2457753,335.23,0.9282038,0.0028651,4096
2457753,335.54,0.913186,0.002873,4096
2457753,335.85,0.8813188,0.0028806,4096
2457753,336.15,0.8558984,0.0028877,4096
2457753,336.46,0.8424331,0.0028948,4096
2457753,336.77,0.8349564,0.0029017,4096
2457753,337.08,0.8331921,0.0029083,4096
2457753,337.39,0.8427667,0.0029147,4096
2457753,337.71,0.8652835,0.002921,4096
2457753,338.02,0.8832329,0.0029269,4096
2457753,338.33,0.9016867,0.0029325,4096
2457753,338.65,0.9259445,0.002938,4096
2457753,338.96,0.9449396,0.0029431,4096
2457753,339.28,0.9604872,0.0029481,4096
2457753,339.6,0.9743474,0.0029528,4096
2457753,339.92,0.9828612,0.0029573,4096
2457753,340.24,0.986386,0.0029614,4096
2457753,340.56,0.9815404,0.0029654,4096
2457753,340.88,0.9739939,0.002969,4096
2457753,341.21,0.9690948,0.0029725,4096
2457753,341.53,0.9661648,0.0029756,4096
2457753,341.86,0.9721108,0.0029785,4096
2457753,342.18,0.977547,0.0029811,4096
2457753,342.51,0.9774877,0.0029835,4096
2457753,342.84,0.9691416,0.0031132,4096
2457753,343.17,0.9516261,0.0031144,4096
2457753,343.5,0.9288797,0.0031152,4096
2457753,343.83,0.9028282,0.0029255,4096
2457753,344.17,0.8823129,0.0029262,4096
2457753,344.5,0.8745202,0.0029266,4096
2457753,344.84,0.8768803,0.0029267,4096
2457753,345.17,0.8935448,0.0029266,4096
2457753,345.51,0.9098558,0.0029262,4096
2457753,345.85,0.9205142,0.0029255,4096
2457753,346.19,0.9291805,0.0029245,4096
2457753,346.53,0.934327,0.0029233,4096
2457753,346.88,0.9330191,0.0029217,4096
2457753,347.22,0.9292461,0.0029199,4096
2457753,347.56,0.9228234,0.0029178,4096
2457753,347.91,0.9144116,0.0029154,4096
2457753,348.26,0.9126106,0.0029127,4096
2457753,348.6,0.9159633,0.0029097,4096
2457753,348.95,0.9251898,0.0029064,4096
2457753,349.3,0.9378947,0.0029028,4096
2457753,349.66,0.9561991,0.0028988,4096
2457753,350.01,0.9773696,0.0028947,4096
2457753,350.36,1.000079,0.0028902,4096
2457753,350.72,1.007842,0.0028853,4096
2457753,351.08,1.003018,0.00288,4096
2457753,351.43,0.996046,0.0028747,4096
2457753,351.79,0.9882962,0.0028688,4096
2457753,352.15,0.9803101,0.0028627,4096
2457753,352.52,0.9789142,0.0030081,4096
2457753,352.88,0.9935425,0.0029996,4096
2457753,353.24,1.021424,0.0029849,4096
2457753,353.61,1.050726,0.0029753,4096
2457753,353.98,1.070731,0.0029654,4096
2457753,354.34,1.089999,0.0030554,4096
2457753,354.71,1.096134,0.0030442,4096
2457753,355.08,1.083022,0.0029338,4096
2457753,355.46,1.052754,0.0029222,4096
2457753,355.83,1.021572,0.0029105,4096
2457753,356.2,0.983777,0.0028984,4096
2457753,356.58,0.9339054,0.0029816,4096
2457753,356.96,0.8841133,0.002969,4096
2457753,357.34,0.8484219,0.0029565,4096
2457753,357.72,0.8298718,0.0029444,4096
2457753,358.1,0.8261523,0.0029327,4096
2457753,358.48,0.8392826,0.0029214,4096
2457753,358.86,0.8702577,0.0029104,4096
2457753,359.25,0.9127883,0.0028996,4096
2457753,359.64,0.9489961,0.0028892,4096
2457753,360.03,0.9668596,0.0028756,4096
2457753,360.42,0.9705537,0.0028664,4096
2457753,360.81,0.9723493,0.0028576,4096
2457753,361.2,0.9720355,0.0028492,4096
2457753,361.59,0.9648119,0.0028412,4096
2457753,361.99,0.9664554,0.0028334,4096
2457753,362.39,0.9832255,0.0028261,4096
2457753,362.79,1.001897,0.0028191,4096
2457753,363.19,1.013157,0.0028126,4096
2457753,363.59,1.023942,0.0028066,4096
2457753,363.99,1.047597,0.0028009,4096
2457753,364.39,1.072286,0.0027957,4096
2457753,364.8,1.096045,0.0027908,4096
2457753,365.21,1.126775,0.0027863,4096
2457753,365.62,1.167457,0.0027823,4096
2457753,366.03,1.193871,0.0027788,4096
2457753,366.44,1.206476,0.0027757,4096
2457753,366.85,1.209921,0.002773,4096
2457753,367.27,1.208308,0.0027707,4096
2457753,367.69,1.202582,0.0027717,4096
2457753,368.1,1.19671,0.0027704,4096
2457753,368.52,1.193137,0.0027695,4096
2457753,368.95,1.194554,0.0027691,4096
2457753,369.37,1.206484,0.0027691,4096
2457753,369.79,1.214777,0.0027697,4096
2457753,370.22,1.208195,0.0027707,4096
2457753,370.65,1.196188,0.0027722,4096
2457753,371.08,1.183602,0.0027743,4096
2457753,371.51,1.159518,0.0027768,4096
2457753,371.94,1.121511,0.0027798,4096
2457753,372.38,1.082022,0.0027834,4096
2457753,372.81,1.046336,0.0027874,4096
2457753,373.25,1.014785,0.002792,4096
2457753,373.69,0.9893166,0.0027971,4096
2457753,374.13,0.9826476,0.0028028,4096
2457753,374.58,0.9869435,0.0028091,4096
2457753,375.02,1.004646,0.0028158,4096
2457753,375.47,1.0391,0.0028232,4096
2457753,375.92,1.089789,0.0028311,4096
2457753,376.37,1.137694,0.0028396,4096
2457753,376.82,1.181173,0.0028486,4096
2457753,377.28,1.221368,0.0028584,4096
2457753,377.73,1.247405,0.0028896,4096
2457753,378.19,1.254531,0.0029004,4096
2457753,378.65,1.251838,0.0029118,4096
2457753,379.11,1.23767,0.0029237,4096
2457753,379.57,1.210984,0.0029362,4096
2457753,380.04,1.183011,0.0029496,4096
2457753,380.51,1.149202,0.0029636,4096
2457753,380.98,1.100433,0.0029782,4096
2457753,381.45,1.039107,0.0029933,4096
2457753,381.92,0.9757891,0.0030091,4096
2457753,382.39,0.9225653,0.0030255,4096
2457753,382.87,0.884612,0.0030428,4096
2457753,383.35,0.8626842,0.0030608,4096
2457753,383.83,0.8664719,0.0030793,4096
2457753,384.31,0.8961864,0.0030985,4096
2457753,384.8,0.9366047,0.0031188,4096
2457753,385.28,0.9664242,0.0031392,4096
2457753,385.77,0.9901529,0.0031607,4096
2457753,386.26,1.003279,0.0031829,4096
2457753,386.76,1.0114,0.0032062,4096
2457753,387.25,1.01881,0.0032296,4096
2457753,387.75,1.030387,0.0032537,4096
2457753,388.25,1.052164,0.003277,4096
2457753,388.75,1.087499,0.003431,4096
2457753,389.25,1.131367,0.0034521,4096
2457753,389.76,1.177433,0.0034726,4096
2457753,390.26,1.203567,0.0034919,4096
2457753,390.77,1.199926,0.0035107,4096
2457753,391.29,1.169188,0.0035289,4096
2457753,391.8,1.115497,0.0035459,4096
2457753,392.32,1.048733,0.0035622,4096
2457753,392.84,0.9929628,0.0035776,4096
2457753,393.36,0.9648127,0.003592,4096
2457753,393.88,0.9626457,0.0036055,4096
2457753,394.4,0.9754722,0.0036181,4096
2457753,394.93,0.9954645,0.0036299,4096
2457753,395.46,1.024404,0.0036407,4096
2457753,395.99,1.051027,0.0036505,4096
2457753,396.53,1.080791,0.0036595,4096
2457753,397.07,1.126341,0.0036675,4096
2457753,397.61,1.206244,0.0036745,4096
2457753,398.15,1.30756,0.0036804,4096
2457753,398.69,1.409771,0.0036853,4096
2457753,399.24,1.514894,0.0036893,4096
2457753,399.79,1.608043,0.0036922,4096
2457753,400.34,1.674715,0.003694,4096
2457753,400.89,1.712213,0.0036948,4096
2457753,401.45,1.734872,0.0036945,4096
2457753,402.01,1.746514,0.0036931,4096
2457753,402.57,1.745865,0.0036906,4096
2457753,403.13,1.73922,0.003687,4096
2457753,403.7,1.727029,0.0036822,4096
2457753,404.27,1.711724,0.0036763,4096
2457753,404.84,1.693783,0.0036692,4096
2457753,405.41,1.679503,0.003661,4096
2457753,405.99,1.675551,0.0036515,4096
2457753,406.57,1.681139,0.0036408,4096
2457753,407.15,1.685282,0.0036289,4096
2457753,407.74,1.688691,0.0036156,4096
2457753,408.33,1.698642,0.0036011,4096
2457753,408.92,1.71222,0.0035854,4096
2457753,409.51,1.720983,0.0035685,4096
2457753,410.11,1.72413,0.00355,4096
2457753,410.7,1.737643,0.0035306,4096
2457753,411.31,1.757161,0.0035092,4096
2457753,411.91,1.771625,0.003487,4096
2457753,412.52,1.779861,0.003463,4096
2457753,413.13,1.78845,0.0034378,4096
2457753,413.74,1.797905,0.0034113,4096
2457753,414.36,1.799079,0.003383,4096
2457753,414.98,1.792946,0.0033533,4096
2457753,415.6,1.786769,0.0033223,4096
2457753,416.22,1.782777,0.00329,4096
2457753,416.85,1.772801,0.0032557,4096
2457753,417.48,1.759796,0.0032201,4096
2457753,418.11,1.754603,0.0031831,4096
2457753,418.75,1.755122,0.0031443,4096
2457753,419.39,1.753814,0.0031062,4096
2457753,420.04,1.74939,0.0030686,4096
2457753,420.68,1.752858,0.0030326,4096
2457753,421.33,1.755082,0.0029971,4096
2457753,421.98,1.749383,0.0029626,4096
2457753,422.64,1.738871,0.0029286,4096
2457753,423.3,1.732636,0.0028958,4096
2457753,423.96,1.726082,0.002864,4096
2457753,424.63,1.714941,0.0028329,4096
2457753,425.3,1.703495,0.0028028,4096
2457753,425.97,1.691158,0.0027739,4096
2457753,426.65,1.670652,0.0027457,4096
2457753,427.32,1.63107,0.0027191,4096
2457753,428.01,1.588853,0.0026928,4096
2457753,428.69,1.55659,0.002668,4096
2457753,429.38,1.529454,0.0026441,4096
2457753,430.08,1.515481,0.002621,4096
2457753,430.77,1.522012,0.0025995,4096
2457753,431.47,1.554272,0.0025788,4096
2457753,432.18,1.599989,0.0025591,4096
2457753,432.89,1.648068,0.0025406,4096
2457753,433.6,1.694762,0.0025234,4096
2457753,434.31,1.735167,0.0025075,4096
2457753,435.03,1.763935,0.0024926,4096
2457753,435.75,1.779318,0.002479,4096
2457753,436.48,1.786812,0.0024665,4096
2457753,437.21,1.787041,0.0024554,4096
2457753,437.94,1.786472,0.0024456,4096
2457753,438.68,1.791758,0.0024369,4096
2457753,439.42,1.805752,0.0024297,4096
2457753,440.17,1.825537,0.0024237,4096
2457753,440.92,1.851674,0.0024192,4096
2457753,441.67,1.882547,0.002416,4096
2457753,442.43,1.907795,0.0024143,4096
2457753,443.19,1.926153,0.0024139,4096
2457753,443.96,1.9394,0.002415,4096
2457753,444.73,1.949155,0.0024176,4096
2457753,445.5,1.957321,0.0024217,4096
2457753,446.28,1.967114,0.0024273,4096
2457753,447.06,1.990682,0.0024345,4096
2457753,447.85,2.017893,0.0024432,4096
2457753,448.64,2.038538,0.0024536,4096
2457753,449.43,2.054127,0.0024654,4096
2457753,450.23,2.066792,0.0024784,4096
2457753,451.04,2.070284,0.0024911,4096
2457753,451.85,2.062005,0.0025033,4096
2457753,452.66,2.052317,0.0025151,4096
2457753,453.48,2.047498,0.0025267,4096
2457753,454.3,2.046829,0.0025378,4096
2457753,455.13,2.047835,0.0025486,4096
2457753,455.96,2.052389,0.002559,4096
2457753,456.8,2.059476,0.002569,4096
2457753,457.64,2.067521,0.0025786,4096
2457753,458.48,2.07294,0.0025877,4096
2457753,459.33,2.077349,0.0025965,4096
2457753,460.19,2.083114,0.0026049,4096
2457753,461.05,2.08622,0.0026128,4096
2457753,461.92,2.086426,0.0026204,4096
2457753,462.79,2.081648,0.0026274,4096
2457753,463.66,2.07441,0.002634,4096
2457753,464.54,2.064246,0.0026402,4096
2457753,465.43,2.053083,0.0026459,4096
2457753,466.32,2.040187,0.0026511,4096
2457753,467.22,2.031788,0.0026559,4096
2457753,468.12,2.029502,0.0026601,4096
2457753,469.03,2.030477,0.0026639,4096
2457753,469.94,2.032989,0.0026671,4096
2457753,470.86,2.039953,0.0026699,4096
2457753,471.78,2.049722,0.002672,4096
2457753,472.71,2.0596,0.0026737,4096
2457753,473.64,2.068762,0.0026748,4096
2457753,474.58,2.077978,0.0026753,4096
2457753,475.53,2.086565,0.0026753,4096
2457753,476.48,2.09267,0.0026747,4096
2457753,477.44,2.098992,0.0026735,4096
2457753,478.4,2.105178,0.0026716,4096
2457753,479.37,2.107011,0.0026691,4096
2457753,480.34,2.102666,0.002666,4096
2457753,481.33,2.084949,0.0026622,4096
2457753,482.31,2.057507,0.0026577,4096
2457753,483.31,2.023985,0.0026525,4096
2457753,484.3,1.990028,0.0026467,4096
2457753,485.31,1.959466,0.0026401,4096
2457753,486.32,1.938078,0.0026328,4096
2457753,487.34,1.931761,0.0026248,4096
2457753,488.37,1.938498,0.002616,4096
2457753,489.4,1.951488,0.0026064,4096
2457753,490.43,1.966708,0.0025962,4096
2457753,491.48,1.981806,0.002585,4096
2457753,492.53,1.992932,0.002573,4096
2457753,493.59,1.999306,0.0025603,4096
2457753,494.65,2.001453,0.0025467,4096
2457753,495.72,1.997474,0.0025323,4096
2457753,496.8,1.989052,0.0025169,4096
2457753,497.89,1.978852,0.0025007,4096
2457753,498.98,1.966342,0.0024836,4096
2457753,500.08,1.955894,0.0024656,4096
2457753,501.19,1.949241,0.0024465,4096
2457753,502.3,1.947777,0.0024267,4096
2457753,503.42,1.951173,0.0024058,4096
2457753,504.55,1.957023,0.002384,4096
2457753,505.69,1.963206,0.002361,4096
2457753,506.83,1.967002,0.0023372,4096
2457753,507.99,1.965255,0.002312,4096
2457753,509.14,1.960465,0.0022862,4096
2457753,510.31,1.950896,0.0022591,4096
2457753,511.49,1.930864,0.0022307,4096
2457753,512.67,1.905089,0.0022019,4096
2457753,513.86,1.878581,0.0021734,4096
2457753,515.06,1.855693,0.0021453,4096
2457753,516.27,1.835961,0.0021176,4096
2457753,517.49,1.824794,0.0020904,4096
2457753,518.71,1.828849,0.0020638,4096
2457753,519.94,1.841174,0.0020376,4096
2457753,521.18,1.853091,0.0020119,4096
2457753,522.43,1.866277,0.0019867,4096
2457753,523.69,1.881326,0.001962,4096
2457753,524.96,1.893221,0.0019378,4096
2457753,526.24,1.898257,0.0019142,4096
2457753,527.52,1.90306,0.0018912,4096
2457753,528.82,1.913097,0.0018687,4096
2457753,530.12,1.921263,0.0018468,4096
2457753,531.44,1.925076,0.0018255,4096
2457753,532.76,1.925448,0.0018049,4096
2457753,534.09,1.924202,0.0017849,4096
2457753,535.43,1.919354,0.0017655,4096
2457753,536.79,1.910925,0.0017467,4096
2457753,538.15,1.902849,0.0017287,4096
2457753,539.52,1.896662,0.0017114,4096
2457753,540.9,1.892521,0.0016948,4096
2457753,542.29,1.890831,0.0016789,4096
2457753,543.69,1.891087,0.0016637,4096
2457753,545.11,1.891953,0.0016498,4096
2457753,546.53,1.891871,0.0016362,4096
2457753,547.96,1.892943,0.0016233,4096
2457753,549.41,1.893033,0.0016112,4096
2457753,550.86,1.889776,0.0016,4096
2457753,552.33,1.882788,0.0015895,4096
2457753,553.8,1.87669,0.00158,4096
2457753,555.29,1.869524,0.0015714,4096
2457753,556.79,1.861145,0.0015636,4096
2457753,558.3,1.853317,0.0015568,4096
2457753,559.82,1.848759,0.001551,4096
2457753,561.36,1.846363,0.001546,4096
2457753,562.9,1.844601,0.0015422,4096
2457753,564.46,1.843473,0.0015393,4096
2457753,566.03,1.844815,0.0015374,4096
2457753,567.61,1.846271,0.0015367,4096
2457753,569.21,1.84699,0.001537,4096
2457753,570.81,1.846893,0.0015379,4096
2457753,572.43,1.848627,0.0015405,4096
2457753,574.06,1.849611,0.0015443,4096
2457753,575.71,1.848832,0.0015485,4096
2457753,577.37,1.846601,0.0015525,4096
2457753,579.04,1.843228,0.0015564,4096
2457753,580.72,1.836544,0.00156,4096
2457753,582.42,1.827602,0.0015635,4096
2457753,584.13,1.818331,0.0015667,4096
2457753,585.86,1.808527,0.0015698,4096
2457753,587.59,1.799178,0.0015726,4096
2457753,589.35,1.791893,0.0015751,4096
2457753,591.11,1.787361,0.0015775,4096
2457753,592.9,1.783904,0.0015796,4096
2457753,594.69,1.780425,0.0015815,4096
2457753,596.5,1.777667,0.0015831,4096
2457753,598.33,1.774117,0.0015845,4096
2457753,600.17,1.768467,0.0015856,4096
2457753,602.03,1.760663,0.0015865,4096
2457753,603.9,1.752826,0.0015871,4096
2457753,605.78,1.742508,0.0015874,4096
2457753,607.69,1.730504,0.0015876,4096
2457753,609.6,1.71879,0.0015874,4096
2457753,611.54,1.70788,0.0015871,4096
2457753,613.49,1.697102,0.0015864,4096
2457753,615.46,1.686423,0.0015855,4096
2457753,617.44,1.679431,0.0015843,4096
2457753,619.44,1.674791,0.0015829,4096
2457753,621.46,1.669227,0.0015811,4096
2457753,623.49,1.663142,0.0015791,4096
2457753,625.54,1.657604,0.0015767,4096
2457753,627.61,1.652531,0.0015741,4096
2457753,629.7,1.645799,0.0015711,4096
2457753,631.81,1.637962,0.0015678,4096
2457753,633.93,1.631326,0.0015641,4096
2457753,636.07,1.624405,0.0015601,4096
2457753,638.23,1.616243,0.0015558,4096
2457753,640.41,1.607836,0.0015512,4096
2457753,642.61,1.599358,0.0015461,4096
2457753,644.82,1.587076,0.0015407,4096
2457753,647.06,1.573351,0.0015348,4096
2457753,649.31,1.56031,0.0015286,4096
2457753,651.59,1.548183,0.001522,4096
2457753,653.88,1.53735,0.0015149,4096
2457753,656.2,1.529041,0.0015075,4096
2457753,658.53,1.525908,0.0014996,4096
2457753,660.89,1.525796,0.0014912,4096
2457753,663.27,1.525299,0.0014824,4096
2457753,665.66,1.523864,0.0014732,4096
2457753,668.08,1.521515,0.0014634,4096
2457753,670.52,1.51678,0.0014533,4096
2457753,672.99,1.508615,0.0014428,4096
2457753,675.47,1.500319,0.001432,4096
2457753,677.98,1.491746,0.0014209,4096
2457753,680.5,1.482708,0.0014095,4096
2457753,683.06,1.473571,0.0013977,4096
2457753,685.63,1.464022,0.0013857,4096
2457753,688.23,1.454011,0.0013732,4096
2457753,690.85,1.444114,0.0013604,4096
2457753,693.49,1.433982,0.0013471,4096
2457753,696.16,1.423813,0.0013335,4096
2457753,698.85,1.414285,0.0013195,4096
2457753,701.56,1.404532,0.001305,4096
2457753,704.3,1.395058,0.0012901,4096
2457753,707.07,1.384882,0.0012746,4096
2457753,709.85,1.37487,0.0012555,4096
2457753,712.67,1.364725,0.0012393,4096
2457753,715.51,1.354484,0.0012226,4096
2457753,718.37,1.344264,0.0012053,4096
2457753,721.26,1.334688,0.0011876,4096
2457753,724.18,1.325366,0.0011692,4096
2457753,727.12,1.315839,0.0011503,4096
2457753,730.09,1.306465,0.0011308,4096
2457753,733.08,1.297948,0.0011108,4096
2457753,736.1,1.288952,0.0010901,4096
2457753,739.15,1.27987,0.0010688,4096
2457753,742.22,1.271955,0.001047,4096
2457753,745.33,1.264453,0.0010244,4096
2457753,748.46,1.256979,0.0010012,4096
2457753,751.61,1.249,9.77E-04,4096
2457753,754.8,1.24092,9.53E-04,4096
2457753,758.01,1.232466,9.28E-04,4096
2457753,761.26,1.223237,9.02E-04,4096
2457753,764.53,1.21424,8.77E-04,4096
2457753,767.83,1.205473,8.54E-04,4096
2457753,771.15,1.197231,8.33E-04,4096
2457753,774.51,1.188927,7.88E-04,4096
2457753,777.9,1.180423,7.70E-04,4096
2457753,781.31,1.171699,7.55E-04,4096
2457753,784.76,1.162872,7.42E-04,4096
2457753,788.23,1.153192,7.14E-04,4096
2457753,791.73,1.143274,7.05E-04,4096
2457753,795.27,1.133574,6.99E-04,4096
2457753,798.83,1.12448,6.95E-04,4096
2457753,802.42,1.114688,6.92E-04,4096
2457753,806.05,1.105042,6.93E-04,4096
2457753,809.7,1.096042,7.49E-04,4096
2457753,813.39,1.086769,7.56E-04,4096
2457753,817.1,1.077023,7.66E-04,4096
2457753,820.85,1.067857,7.79E-04,4096
2457753,824.62,1.059341,7.95E-04,4096
2457753,828.43,1.050211,8.14E-04,4096
2457753,832.26,1.03948,8.35E-04,4096
2457753,836.13,1.027939,8.60E-04,4096
2457753,840.03,1.016964,8.88E-04,4096
2457753,843.96,1.004775,9.20E-04,4096
2457753,847.92,0.991467,9.54E-04,4096
2457753,851.91,0.9798734,9.92E-04,4096
2457753,855.93,0.9704416,0.0010337,4096
2457753,859.99,0.9629045,0.0010787,4096
2457753,864.07,0.955644,0.0011273,4096
2457753,868.18,0.9498611,0.0011795,4096
2457753,872.33,0.9458015,0.0012356,4096
2457753,876.5,0.9411497,0.0012954,4096
2457753,880.71,0.9352733,0.0013593,4096
2457753,884.94,0.9294854,0.0014269,4096
2457753,889.21,0.9230182,0.0014988,4096
2457753,893.5,0.915911,0.0015746,4096
2457753,897.83,0.9078897,0.0016548,4096
2457753,902.19,0.8992129,0.0017392,4096
2457753,906.57,0.8910639,0.0018278,4096
2457753,910.99,0.8831083,0.0019211,4096
2457753,915.43,0.8749226,0.0020186,4096
2457753,919.91,0.8662748,0.002121,4096
2457753,924.41,0.8581412,0.0022277,4096
2457753,928.94,0.8504785,0.0023393,4096
2457753,933.5,0.8420813,0.0024556,4096
2457753,938.09,0.83359,0.002573,4096
2457753,942.7,0.8257431,0.0026988,4096
2457753,947.35,0.8190793,0.00283,4096
2457753,952.74,0.80749,2.50E-04,4096
2457753,957.41,0.8003947,2.50E-04,4096
2457753,962.11,0.7942787,2.50E-04,4096
2457753,966.83,0.7887324,2.50E-04,4096
2457753,971.58,0.7827308,2.50E-04,4096
2457753,976.35,0.7760897,2.50E-04,4096
2457753,981.15,0.7687444,2.50E-04,4096
2457753,985.98,0.7612087,2.50E-04,4096
2457753,990.82,0.7534491,2.50E-04,4096
2457753,995.7,0.7454234,2.50E-04,4096
2457753,1000.59,0.7378526,2.50E-04,4096
2457753,1005.51,0.7309427,2.50E-04,4096
2457753,1010.45,0.7245084,2.50E-04,4096
2457753,1015.42,0.7177313,2.50E-04,4096
2457753,1020.41,0.7111216,2.50E-04,4096
2457753,1025.41,0.7047602,2.50E-04,4096
2457753,1030.44,0.6981565,2.50E-04,4096
2457753,1035.49,0.6911178,2.50E-04,4096
2457753,1040.57,0.6839058,2.50E-04,4096
2457753,1045.66,0.6766008,2.50E-04,4096
2457753,1050.77,0.6688809,2.50E-04,4096
2457753,1055.9,0.6605661,2.50E-04,4096
2457753,1061.04,0.6521599,2.50E-04,4096
2457753,1066.21,0.6435279,2.50E-04,4096
2457753,1071.39,0.6350421,2.50E-04,4096
2457753,1076.59,0.6272614,2.50E-04,4096
2457753,1081.81,0.6201678,2.50E-04,4096
2457753,1087.04,0.6140112,2.50E-04,4096
2457753,1092.29,0.6084621,2.50E-04,4096
2457753,1097.55,0.6032206,2.50E-04,4096
2457753,1102.83,0.5982691,2.50E-04,4096
2457753,1108.13,0.5930776,2.50E-04,4096
2457753,1113.43,0.5875625,2.50E-04,4096
2457753,1118.75,0.5820211,2.50E-04,4096
2457753,1124.09,0.5762981,2.50E-04,4096
2457753,1129.43,0.5703508,2.50E-04,4096
2457753,1134.79,0.564496,2.50E-04,4096
2457753,1140.16,0.5586452,2.50E-04,4096
2457753,1145.53,0.5529546,2.50E-04,4096
2457753,1150.92,0.5469487,2.50E-04,4096
2457753,1156.32,0.5408373,2.50E-04,4096
2457753,1161.73,0.5349231,2.50E-04,4096
2457753,1167.15,0.5289367,2.50E-04,4096
2457753,1172.57,0.522879,2.50E-04,4096
2457753,1178.01,0.5169789,2.50E-04,4096
2457753,1183.45,0.5115363,2.50E-04,4096
2457753,1188.9,0.5065087,2.50E-04,4096
2457753,1194.35,0.5016539,2.50E-04,4096
2457753,1199.82,0.4971656,2.50E-04,4096
2457753,1205.28,0.4931667,2.50E-04,4096
2457753,1210.76,0.4892229,2.50E-04,4096
2457753,1216.23,0.4852135,2.50E-04,4096
2457753,1221.72,0.4810922,2.50E-04,4096
2457753,1227.2,0.4768423,2.50E-04,4096
2457753,1232.69,0.4724375,2.50E-04,4096
2457753,1238.19,0.4677638,2.50E-04,4096
2457753,1243.68,0.4631216,2.50E-04,4096
2457753,1249.18,0.4582111,2.50E-04,4096
2457753,1254.68,0.4530046,2.50E-04,4096
2457753,1260.19,0.4480778,2.50E-04,4096
2457753,1265.69,0.4433175,2.50E-04,4096
2457753,1271.2,0.4386923,2.50E-04,4096
2457753,1276.7,0.4343921,2.50E-04,4096
2457753,1282.21,0.4305653,2.50E-04,4096
2457753,1287.72,0.4272139,2.50E-04,4096
2457753,1293.22,0.4237269,2.50E-04,4096
2457753,1298.73,0.4202833,2.50E-04,4096
2457753,1304.24,0.4168401,2.50E-04,4096
2457753,1309.74,0.4133514,2.50E-04,4096
2457753,1315.24,0.4097663,2.50E-04,4096
2457753,1320.74,0.4062629,2.50E-04,4096
2457753,1326.24,0.4027723,2.50E-04,4096
2457753,1331.74,0.3992531,2.50E-04,4096
2457753,1337.23,0.3957951,2.50E-04,4096
2457753,1342.72,0.3921478,2.50E-04,4096
2457753,1348.21,0.3884998,2.50E-04,4096
2457753,1353.69,0.3848355,2.50E-04,4096
2457753,1359.17,0.3812859,2.50E-04,4096
2457753,1364.64,0.3777812,2.50E-04,4096
2457753,1370.12,0.374455,2.50E-04,4096
2457753,1375.58,0.3711725,2.50E-04,4096
2457753,1381.04,0.3678666,2.50E-04,4096
2457753,1386.5,0.3645585,2.50E-04,4096
2457753,1391.95,0.3612511,2.50E-04,4096
2457753,1397.4,0.3576955,2.50E-04,4096
2457753,1402.84,0.3541781,2.50E-04,4096
2457753,1408.28,0.350533,2.50E-04,4096
2457753,1413.71,0.347119,2.50E-04,4096
2457753,1419.13,0.3437211,2.50E-04,4096
2457753,1424.55,0.3403936,2.50E-04,4096
2457753,1429.96,0.3372766,2.50E-04,4096
2457753,1435.36,0.334295,2.50E-04,4096
2457753,1440.76,0.3315471,2.50E-04,4096
2457753,1446.15,0.3289106,2.50E-04,4096
2457753,1451.54,0.3262422,2.50E-04,4096
2457753,1456.91,0.323491,2.50E-04,4096
2457753,1462.28,0.3206354,2.50E-04,4096
2457753,1467.64,0.3177771,2.50E-04,4096
2457753,1473,0.314527,2.50E-04,4096
2457753,1478.34,0.3113977,2.50E-04,4096
2457753,1483.68,0.3084445,2.50E-04,4096
2457753,1489.01,0.3057115,2.50E-04,4096
2457753,1494.33,0.3032432,2.50E-04,4096
2457753,1499.65,0.3010446,2.50E-04,4096
2457753,1504.95,0.2993149,2.50E-04,4096
2457753,1510.25,0.2977524,2.50E-04,4096
2457753,1515.54,0.2959865,2.50E-04,4096
2457753,1520.82,0.2941124,2.50E-04,4096
2457753,1526.09,0.2920805,2.50E-04,4096
2457753,1531.36,0.2896022,2.50E-04,4096
2457753,1536.61,0.2868177,2.50E-04,4096
2457753,1541.86,0.2837569,2.50E-04,4096
2457753,1547.09,0.280261,2.50E-04,4096
2457753,1552.32,0.2768414,2.50E-04,4096
2457753,1557.54,0.2730502,2.50E-04,4096
2457753,1562.75,0.2694258,2.50E-04,4096
2457753,1567.95,0.2660613,2.50E-04,4096
2457753,1573.14,0.2632582,2.50E-04,4096
2457753,1578.32,0.260891,2.50E-04,4096
2457753,1583.49,0.2587533,2.50E-04,4096
2457753,1588.65,0.2567782,2.50E-04,4096
2457753,1593.8,0.2551214,2.50E-04,4096
2457753,1598.95,0.2534652,2.50E-04,4096
2457753,1601.18,0.2525185,4.52E-04,5122
2457753,1616.86,0.2479196,4.53E-04,5120
2457753,1632.42,0.2412361,4.77E-04,5122
2457753,1647.91,0.2352197,5.50E-04,5122
2457753,1663.31,0.2288239,5.31E-04,5122
2457753,1678.61,0.2228454,4.93E-04,5122
2457753,1693.82,0.2163881,5.26E-04,5122
2457753,1708.93,0.2093093,4.71E-04,5122
2457753,1723.95,0.2025283,4.18E-04,5122
2457753,1738.86,0.1962221,3.77E-04,5122
2457753,1753.69,0.1917395,3.22E-04,5122
2457753,1768.43,0.1857098,3.41E-04,5122
2457753,1783.07,0.1797804,3.82E-04,5122
2457753,1797.62,0.1742062,4.45E-04,5122
2457753,1812.08,0.1690015,5.29E-04,5122
2457753,1826.44,0.1647878,5.56E-04,5122
2457753,1840.72,0.1614501,6.00E-04,5122
2457753,1854.9,0.156159,6.04E-04,5122
2457753,1869,0.1514244,4.88E-04,5122
2457753,1883,0.1487617,4.21E-04,5122
2457753,1896.92,0.1471569,4.05E-04,5122
2457753,1910.75,0.1421013,4.34E-04,5122
2457753,1924.48,0.1367924,3.39E-04,5122
2457753,1938.13,0.1332805,2.69E-04,5122
2457753,1951.71,0.1317442,2.60E-04,5122
2457753,1965.19,0.1282655,3.01E-04,5122
2457753,1978.59,0.1255105,3.03E-04,5122
2457753,1991.92,0.123625,3.03E-04,5122
2457753,2005.15,0.1210218,2.95E-04,5122
2457753,2018.31,0.1180374,3.37E-04,5122
2457753,2031.38,0.1157386,3.60E-04,5122
2457753,2044.38,0.1128968,3.65E-04,5120
2457753,2057.3,0.1097561,3.53E-04,5120
2457753,2070.13,0.1073495,3.23E-04,5120
2457753,2082.89,0.1053377,2.77E-04,5120
2457753,2095.58,0.102688,2.34E-04,5120
2457753,2108.19,0.1012246,2.49E-04,5120
2457753,2120.73,0.09934905,2.51E-04,5120
2457753,2133.2,0.09689377,2.84E-04,5120
2457753,2145.59,0.09385719,3.24E-04,5120
2457753,2157.91,0.0918585,3.26E-04,5120
2457753,2170.15,0.0901352,3.17E-04,5120
2457753,2182.34,0.08952857,3.09E-04,5120
2457753,2194.44,0.08752612,3.59E-04,5120
2457753,2206.48,0.0851383,4.08E-04,5120
2457753,2218.45,0.08398847,4.44E-04,5120
2457753,2230.36,0.08158879,4.65E-04,5120
2457753,2242.2,0.08010415,4.73E-04,5120
2457753,2253.97,0.07947127,4.67E-04,5120
2457753,2265.68,0.07764969,4.48E-04,5120
2457753,2277.33,0.0766147,4.16E-04,5120
2457753,2288.91,0.07460038,3.77E-04,5120
2457753,2300.43,0.07306375,3.44E-04,5120
2457753,2311.89,0.07126868,3.18E-04,5120
2457753,2323.28,0.07024691,2.99E-04,5120
2457753,2334.63,0.06898444,2.87E-04,5120
2457753,2345.9,0.06865221,2.81E-04,5120
2457753,2357.11,0.06652182,2.96E-04,5120
2457753,2368.28,0.06506645,2.91E-04,5120
2457753,2379.37,0.06393502,3.06E-04,5120
2457753,2390.42,0.06310159,3.27E-04,5120
2457753,2401.4,0.06257322,3.54E-04,5120
2457753,2412.34,0.06141199,3.88E-04,5120
